"prov_cdc","log_mort_cum","log_mort1","day_first_peak","log_mort2","day_second_peak","n_peak","dist_peaks","rt","day_rt","HDI","HDI_low","education_years","perc_essalud","mob","mig_in_perc","mig_out_perc","dens_pop","perc_fem","perc_65_plus","med_ratio","enf_ratio","altitud","ide","ocup_perc","bed_ratio","med2_ratio","log_essalud","log_pop_dens","log_med_ratio","deaths","pop","mort_first_peak","mort_second_peak"
"BAGUA",-5.18438716776751,-8.25036850009568,154,-9.24912316858991,463,2,309,1.62351855482433,109,0.461036224246138,"High HDI",7.04037006932985,0.127813765182186,-43.6666666666667,0.0171003110161446,0.00589403983707831,1.21168815586451e-05,0.50210308323579,0.0486731924417632,0.0010971716715363,0.00272155570471992,408,0.649202856777717,0.327113784816858,0.00125391048175577,0.00072669812010846,-2.05718103405808,-11.3209109075712,-6.81501961810371,393.246983882967,70180.4485091942,0.000261162301234578,9.61959627345197e-05
"BONGARA",-5.64084583833166,-9.43329449677513,200,-8.99393504618181,428,2,228,1.25694533979522,174,0.4128954525726,"Low HDI",6.09908938343355,0.100830830440379,NA,0.025923539535288,0,1.11310280756255e-05,0.501619728586021,0.0669487815555231,0.000475573641610962,0.000697508007696077,2081,0.716390890220421,0.413977864094443,NA,NA,-2.29431111256631,-11.405774027165,-7.65098881602291,111.965767672366,31540.8565310493,8.00151555566078e-05,0.000124160553177185
"CHACHAPOYAS",-5.35137516583851,-9.45680633370967,199,-8.62788735801641,436,2,237,1.30134187932175,173,0.542665288299619,"High HDI",8.18781517752189,0.218174611753684,-30.5,0.0106490643192744,0.0202886237687191,1.91907867155658e-05,0.494817073170732,0.0761298421807747,0.00148727478546058,0.00297454957092117,2338,0.767278998632085,0.423191499475082,0.0024369803713571,0.00146935581214178,-1.52245956545224,-10.8610802526638,-6.51080983673972,264.614825163987,55806.7687366167,7.81557963962527e-05,0.000179042498589431
"CONDORCANQUI",-5.84818854886584,-8.6126581587715,147,-10.0328316441206,384,2,237,1.69547286367905,111,0.2534515691766,"Low HDI",5.52685689872207,0.059218271721215,NA,0.00764034521689027,0,2.88782910768193e-06,0.497110242883636,0.0160241983399651,0.00052331922763411,0.00120169600419685,189,0.408828965702124,0.171950570716787,NA,NA,-2.82652514077348,-12.7550055119248,-7.55531890221868,148.854187491528,51593.7473233405,0.000181790040805098,4.39335785014947e-05
"LUYA",-6.01787116798561,-10.2535947438011,181,-9.3857138455643,433,2,252,1.2254765232949,173,0.341050239505418,"Low HDI",5.19381256497869,0.0693131695022054,4,0.039740164512942,0,1.4396638998903e-05,0.512531041069723,0.0879083094555874,0.000609152088449801,0.00100825173260657,2328,0.705204486664951,0.33394794703467,NA,NA,-2.66912035473399,-11.148515781479,-7.40344258670417,115.916168987593,47607.1584582441,3.52306278679637e-05,8.39143564281093e-05
"RODRIGUEZ DE MENDOZA",-5.72217303389525,-10.0615380147245,191,-9.21700395313696,401,2,210,1.27209749827238,173,0.366407435251007,"Low HDI",5.67668772061511,0.101006733782252,NA,0.0259894654914821,0,1.25993610915793e-05,0.522155916708989,0.0761808024377857,0.000676178845816547,0.000891326660394539,1616,0.674197729182214,0.384902264729505,0.000522501835403695,0.000215147814577992,-2.29256809325189,-11.28186445231,-7.29905295209503,106.476294291222,32535.7708779443,4.26903347963524e-05,9.93358571264028e-05
"UTCUBAMBA",-5.87058723796624,-9.78962092047428,143,-9.52245938865715,453,2,310,1.49085129569672,77,0.470118925777447,"High HDI",5.99237116777026,0.102147579660005,-55,0.016359898551593,0.0071176981822273,2.71471192028461e-05,0.5091843374097,0.0517192479020337,0.000517541750303955,0.00119219438909304,444,0.693749408810203,0.357380201240684,0.000582234469091949,0.000388156312727966,-2.28133665197861,-10.5142396239232,-7.5664203591631,305.266392041913,108203.830835118,5.60301331225522e-05,7.31894415400335e-05
"AIJA",-4.62044437960987,-8.63076540317999,169,-8.00632327570196,408,2,239,1.20271826693246,173,0.369278952096014,"Low HDI",7.12346714381197,0.188410386320456,NA,0.0805455368887166,0,9.44692074393276e-06,0.503213610586011,0.115059861373661,0.00060882800608828,0.00106544901065449,3421,0.686007284149375,0.390042562913993,0.0015220700152207,0.00121765601217656,-1.66913278926996,-11.5698217167612,-7.40397475035877,64.7041105449877,6570,0.000178527946998824,0.000333348097643062
"ANTONIO RAIMONDI",-5.24852069671267,-9.4644047370992,176,-8.74548803457598,465,2,289,1.18030595125777,187,0.316336893364822,"Low HDI",6.0658571000556,0.117142857142857,NA,0.047338872369343,0,2.43603060737575e-05,0.492046405932305,0.095443128812343,0.000807947803143211,0.000807947803143211,3400,0.748010806900013,0.225235499753482,NA,NA,-2.14436108777915,-10.6225555505973,-7.12101310160014,71.5493683367338,13614.7408993576,7.75641876154972e-05,0.000159177912528853
"ASUNCION",-4.83262856139429,-8.85220197309177,169,-8.46383007685708,435,2,266,1.20244792209115,173,0.389049863688564,"Low HDI",5.68700281371811,0.177283816752507,NA,0.0511313141332514,0,1.40581432840172e-05,0.48177054298138,0.101237596164567,0.000269566284011458,0.000808698852034374,3387,0.754790116977737,0.258693666966468,0,0.000673915710028645,-1.73000334613948,-11.1723087369153,-8.21869624605137,59.099050909195,7419.32548179872,0.000143066360902635,0.000210962518679589
"BOLOGNESI",-5.47473090724919,-9.52417549298784,160,-8.77709953528365,420,2,260,1.26979735472832,109,0.453107932719228,"High HDI",7.55960851549146,0.142328864982981,NA,0.0369275742219604,0,9.26379772223224e-06,0.512235153685467,0.0929274843330349,0.000345205112081151,0.000655889712954187,3410,0.725946079482943,0.378072591144667,0.000897533291410993,0.000759451246578533,-1.9496149484766,-11.5893964721915,-7.97137178982308,121.416401876721,28968.2847965739,7.3063948532791e-05,0.00015422476057897
"CARHUAZ",-5.60521282833628,-9.89463565782387,190,-8.82907863294584,426,3,236,1.25963422701923,173,0.408914652227987,"Low HDI",5.38179363206706,0.0808472025495751,-34,0.0216769831071595,0,5.65625130992605e-05,0.484478127797789,0.0859064315309501,0.000543425365308683,0.00108685073061737,2663,0.712622126253204,0.318404961624979,0.000369529248409904,0.00106511371600502,-2.51519429405763,-9.78016410491502,-7.51761818317171,169.233798119512,46004.47751606,5.04445594294218e-05,0.000146413077543173
"CARLOS FERMIN FITZCARRALD",-5.60038428234687,-9.41075795360665,185,-9.42013360277452,417,2,232,1.2374319297124,173,0.305968553232619,"Low HDI",4.83874754204668,0.0896314274425693,NA,0.0384088761315555,0,3.09745605883668e-05,0.480465241602299,0.0768367163642896,0.000514917388286081,0.000669392604771905,3145,0.689181982725371,0.206170369765678,NA,NA,-2.41204926779336,-10.3823443165588,-7.57150408126276,71.7871070161661,19420.591006424,8.18388937528112e-05,8.10751867156462e-05
"CASMA",-4.95144929349858,-8.74609494145532,123,-8.01925763899659,419,2,296,1.58958848912277,77,0.557300920754884,"High HDI",7.87278539107506,0.184255427641256,-42,0.00331042107831389,0.00491661397247594,2.2268042884267e-05,0.500134183852522,0.0714890278895977,0.000336187988158594,0.000632824448298531,59,0.668583909018809,0.405271140775581,0.000613048684289202,0.000632824448298531,-1.69143229032076,-10.7123579618201,-7.9978400658892,357.667618949798,50566.9464668094,0.000159081335668246,0.000329064216604878
"CORONGO",-4.93446232568789,-8.65248731168165,139,-8.38834789832367,412,2,273,NA,NA,0.388256123584986,"Low HDI",6.25685271753119,0.105682421667552,NA,0.0476627720808598,0,7.2905112976508e-06,0.511963448358783,0.0987134784176987,0.000540487051747295,0.00108097410349459,3172,0.734964707795205,0.292691216664409,0,0.000540487051747295,-2.24731670393266,-11.8289368775512,-7.52303987723617,53.2432966771435,7400.73233404711,0.000174691794383929,0.000227502825851833
"HUARAZ",-5.1247180124184,-8.47627797842918,167,-8.61891640924639,419,2,252,1.577876649388,77,0.562543270468146,"High HDI",9.2781112959143,0.213083154401718,-52.6666666666667,0.00457755883602475,0.0168580829536272,6.77229471742215e-05,0.489807441214873,0.0722007222424806,0.000842266483726804,0.00193191193470204,3073,0.785150049495268,0.390981036339384,0.00139592417233044,0.00177288259861376,-1.5460727932053,-9.60008548164894,-7.07941410480732,1009.83347767073,169779.995717345,0.000208352754752454,0.000180655905748125
"HUARI",-5.7764927821403,-9.95932338515609,172,-9.2671746512633,432,2,260,1.2011690382288,173,0.424135442845821,"High HDI",6.79737237420717,0.155601730422046,-22,0.0443645772809696,0,2.11969608751177e-05,0.511671669180884,0.0909939192236513,0.000625589080695415,0.00103137659249785,3114,0.727483931032877,0.295736196663701,0.000490326576761271,0.000236709381884752,-1.86045554633538,-10.7616527415099,-7.37681682301687,183.321593768986,59144.2548179872,4.72847187657666e-05,9.44750621140658e-05
"HUARMEY",-4.75490701644332,-8.71743218690854,178,-7.88782921942758,425,3,247,1.39520953689731,78,0.574461230554633,"High HDI",8.72819654614267,0.221629581151832,-77.5,0.00524756757255576,0.00483923089017087,8.05639043041726e-06,0.508657249449954,0.0779630751570422,0.000411876032573417,0.000918800380356084,30,0.697011973018572,0.429570701032869,0.0005702898912555,0.000792069293410417,-1.50674784406556,-11.7290449391721,-7.79478814570387,271.735858693822,31562.8950749465,0.00016370702069984,0.000375283349207495
"HUAYLAS",-5.32309064973826,-9.3144960093699,188,-8.53622687250544,419,2,231,1.25768939306592,173,0.405559625805934,"Low HDI",5.60776406313878,0.103596057194062,-19.5,0.0168085632026023,0.00292982047627658,2.24777913298058e-05,0.491261292564281,0.0806984016678249,0.000622590010271651,0.0012451800205433,2273,0.707131291660884,0.334184766272023,0.00087551720194451,0.00066150188591363,-2.26725600785335,-10.7029827882192,-7.38162234526434,250.702655719667,51398.1905781585,9.01085043979385e-05,0.000196229263121942
"MARISCAL LUZURIAGA",-5.32506385542475,-9.68163879125023,160,-9.05105217128552,414,2,254,1.17120819926028,187,0.276132981732583,"Low HDI",5.07427539486264,0.0843028988365214,NA,0.0347499288693253,0,2.79368319830504e-05,0.4805929473945,0.0843174498307044,0.000486268992344439,0.000826657286985546,3326,0.636120512025277,0.13992583977325,0.00087528418621999,0.000437642093109995,-2.4733390274182,-10.4855645969976,-7.62874860498835,100.110026141353,20564.7494646681,6.24191279906648e-05,0.00011726758639783
"OCROS",-4.83467835130356,-8.47438417679004,131,-8.2934322457859,443,2,312,1.29857288602416,109,0.465454484624551,"High HDI",7.24808367187422,0.0838187242506038,NA,0.0334176340007607,0,5.13160905192165e-06,0.528224706844832,0.123443323334242,0.000611693163182795,0.000815590884243727,3238,0.673682073687724,0.431353033216927,0.000203897721060932,0.000713642023713261,-2.47909885670837,-12.1800912926158,-7.39927976852696,77.9728653823115,9808.83940042827,0.000208747707403872,0.000250154396235806
"PALLASCA",-5.53154111137761,-9.83375796747842,166,-8.45421878411043,425,2,259,1.24611159457125,401,0.327174294684724,"Low HDI",5.89643421658593,0.0867991996934996,NA,0.0513974525114007,0,1.27892203584251e-05,0.490840257948603,0.0910199236420803,0.000756602695125729,0.000945753368907161,3156,0.722250764232484,0.252951494294882,0,0.000151320539025146,-2.44415787747931,-11.2669079013523,-7.18667228361767,104.675328040329,26433.9528907923,5.36109099112955e-05,0.000212999916534777
"POMABAMBA",-5.47599010281166,-9.74207252582847,118,-8.76759690945027,439,2,321,1.17112579809239,216,0.341970981075689,"Low HDI",5.26164332658915,0.119706380575946,NA,0.0362168536827826,0,2.96423982795122e-05,0.477307615297337,0.0775211906827738,0.000768958749718707,0.00179423708267698,2964,0.695982032658324,0.18086445852866,0.00168438583271717,0.000915427082998461,-2.12271336311082,-10.4263048471959,-7.1704732313555,114.320461012981,27309.6573875803,5.87586297815543e-05,0.000155697286121901
"RECUAY",-5.05796189248572,-8.98966373966116,178,-8.15722428718345,421,2,243,1.23151912998637,401,0.426784731367209,"High HDI",7.31690869210289,0.136165260401513,NA,0.0490827093454347,0,7.71060626336315e-06,0.479028249733732,0.113506111477405,0.00105921151115688,0.00139369935678537,3428,0.694831354650171,0.311706489414536,0.000390235819899902,0.00111495948542829,-1.99388598093219,-11.7729137401,-6.85023050505652,114.058057119517,17937.8715203426,0.00012469201516811,0.000286656968955099
"SANTA",-4.78918851029295,-8.35012046672812,107,-8.37912598022644,436,2,329,2.38264260749285,58,0.615220775075721,"High HDI",9.57981271560028,0.307544394651761,-55.3333333333333,0.00165936525876998,0.00486844041468979,0.000111655804875801,0.492359013457527,0.0676744347235047,0.000703389996158109,0.00110693746190266,52,0.75320035478408,0.404876174695286,0.00120387903188599,0.00154655620950148,-1.17913582930507,-9.10008958930728,-7.25959906014934,3690.11808421888,443566.160599572,0.000236368042228778,0.000229610541933945
"SIHUAS",-5.57083833628463,-9.79713134576166,177,-8.94178655010936,432,2,255,1.21591598094207,173,0.314323545628663,"Low HDI",5.57583267547247,0.093581995476623,NA,0.0456844631866011,0,1.84714177169413e-05,0.485332390836359,0.0786877871670469,0.00081805094624464,0.00178483842817012,2767,0.697734999823544,0.224944455873527,0.00159891775856907,0.000855235080164851,-2.36891727002037,-10.8992860088785,-7.10858594182827,102.390103139059,26893.1905781585,5.56108992767558e-05,0.00013080713779795
"YUNGAY",-5.7825738604153,-9.71946313055265,178,-9.18077153963239,434,2,256,1.23661507146955,173,0.335807832904921,"Low HDI",5.01326400655057,0.0820007474282567,-44,0.0245888426680089,0,3.95378541834809e-05,0.48979353200588,0.0732493652278498,0.000315490358012211,0.000853679792268337,2517,0.695502301742128,0.329186567336011,0.000519631177902466,0.000538189434256125,-2.50102691678068,-10.1382520112068,-8.06138243742556,166.005666126548,53884.3725910064,6.01022589532669e-05,0.000103001033105713
"ABANCAY",-5.25978526718432,-9.26870867468372,190,-8.62706328550603,448,2,258,1.42682643881417,173,0.521312966360625,"High HDI",8.74224582905599,0.216992399565689,-35.2,0.0105566085247148,0.0209453406427225,2.96713359392198e-05,0.492011952006957,0.0532289845419477,0.00167717143421502,0.00336409386514059,2500,0.789197575029927,0.410204286112289,0.00256451213487529,0.00168692243092557,-1.52789295109798,-10.4253290980753,-6.39064657464253,532.911721247846,102553.618843683,9.43302462599926e-05,0.000179190103400889
"ANDAHUAYLAS",-5.77898375064476,-10.2652706215931,178,-8.70257103763759,432,2,254,1.25371328027902,173,0.421882784759833,"High HDI",6.23671342249716,0.11506418579841,-17.6666666666667,0.0120926477908266,0.00416998938562782,3.93201664057458e-05,0.485823875762307,0.0563887573307139,0.00104609734656265,0.00265305411387274,2836,0.753816169326858,0.341639269557926,0.000749913158078044,0.000485237925815205,-2.16226516894214,-10.1437730306051,-6.86268885212227,490.631280676727,158685.040685225,3.48216714708415e-05,0.000166158062711781
"ANTABAMBA",-4.87230586828903,-8.78957602070501,96,-8.56244202247204,441,2,345,1.25159114599688,84,0.323102353598462,"Low HDI",6.31287233727819,0.133598585322723,NA,0.0557789202307527,0,3.77774792301298e-06,0.51063985911359,0.0942177869093044,0.00131181732873471,0.00311556615574494,3664,0.676755598618505,0.398278853779867,0,8.19885830459195e-05,-2.01291560683743,-12.4863825134474,-6.63634182930112,93.375097091272,12196.8201284797,0.000152312531357162,0.000191151925912818
"AYMARAES",-5.47240395158434,-9.39584020723853,199,-8.46795611885644,469,2,270,1.29111425150883,173,0.355128189993284,"Low HDI",6.09167696126474,0.115851400831036,NA,0.0494945952728305,0,7.00747935975192e-06,0.507669396872673,0.0997766195085629,0.000933329247380884,0.00266171674253067,2929,0.730736868568955,0.413267931636827,0,6.91354998059914e-05,-2.15544693641133,-11.8685324993628,-6.97675252828487,121.532952828667,28928.6980728051,8.30688972426666e-05,0.000210093871736448
"CHINCHEROS",-5.70596881888171,-10.6534813179601,102,-8.72372395809548,436,3,334,1.16068496901869,424,0.344303514850603,"Low HDI",5.58027763282111,0.0833425420469865,NA,0.0326275728868939,0,3.47861496872614e-05,0.497312953072944,0.0712862667626526,0.00106730858379327,0.00221085349500035,2799,0.734699258948758,0.290375729684188,0,7.62363274138051e-05,-2.48479615132934,-10.2662912478984,-6.84261514154576,174.512786389982,52468.4246433895,2.36184748877683e-05,0.000162680247083414
"COTABAMBAS",-6.10997933663342,-10.2552896925255,200,-9.35182792532864,470,2,270,1.36208320439861,173,0.372053682028399,"Low HDI",5.66581194109178,0.120045009475679,-46.5,0.0309445020578402,0,1.9565717242443e-05,0.515868285778142,0.0587610817253967,0.000877999293004804,0.00206817611241132,3267,0.655361238290182,0.287746151542357,0.000546310671202989,0.000195110954001068,-2.11988852756063,-10.8417316435083,-7.03786476956319,113.81199526684,51252.8886509636,3.51709643377937e-05,8.68065980028949e-05
"GRAU",-5.3560568814243,-9.64640060953387,149,-8.76821821491243,461,3,312,1.19674235547995,338,0.304488319025415,"Low HDI",6.01827022178805,0.101638263816966,NA,0.0661073197363045,0,1.09002300004842e-05,0.500331077104179,0.0841303708063567,0.000991476129896021,0.0025433518114724,3360,0.713466086301918,0.240165824922259,0,4.31076578215661e-05,-2.28633520236668,-11.4267266679899,-6.91631568503349,109.481219106642,23197.7344753747,6.46578776435994e-05,0.000155600580592538
"AREQUIPA",-5.0691458061623,-8.19673904937917,164,-8.28991265628455,480,3,316,1.53967833186563,109,0.66933497919903,"High HDI",11.0774207208015,0.369584549824871,-39.3333333333333,0.000265097323210373,0.0152161696008077,0.000110585329172657,0.481387789237819,0.085615972259206,0.00104771321666767,0.000969511600675392,2429,0.818828118150026,0.465767563339785,0.00198142166785262,0.00296129733811735,-0.995375742510239,-9.10972312529967,-6.86114537874966,6673.60216194784,1061359.14132762,0.000275550663595702,0.000251036388236935
"CAMANA",-5.07514691564304,-9.29027602549481,183,-7.8629476013409,360,3,177,1.44116190859522,338,0.624133348573477,"High HDI",9.28470374601418,0.229914098029308,-33,0.0234079489890865,0,1.53056477914122e-05,0.503129072218022,0.0643350118245146,0.00107895302280126,0.00160208176112914,20,0.760651977930744,0.46699133162474,0.00470815864495095,0.00187999390336583,-1.47004952665161,-11.0872886609865,-6.83176413137288,382.32535385039,61170.4111349036,9.23175747586532e-05,0.000384738143689896
"CARAVELI",-5.26048294169728,-9.41580682215403,188,-8.67720968813744,446,2,258,1.23687919569515,173,0.616486844457873,"High HDI",8.97038539381292,0.190731872490688,-22,0.0284010970531777,0,3.39246874226523e-06,0.542870698809336,0.0743092112695149,0.000679874906899356,0.000906499875865808,1811,0.723754268945559,0.485124525266101,0.000226624968966452,0.000317274956553033,-1.65688664614769,-12.5939526590557,-7.29360173715904,229.136106178798,44125.7644539615,8.14267412635772e-05,0.000170425946300731
"CASTILLA",-5.3156125308267,-9.16317242621994,175,-8.2784761713144,469,2,294,1.24341725809756,173,0.566243808886177,"High HDI",8.34473829681924,0.272562371762467,-21,0.0434314365406393,0,5.09931733961981e-06,0.513649460370171,0.096669433999121,0.001813563180784,0.00257866014767724,625,0.78035267414317,0.474992118665791,0.0014168462349875,0.001813563180784,-1.2998878038678,-12.1864038821699,-6.3124617607062,173.422760051582,35289.6445396146,0.000104829805150548,0.000253923841806103
"CAYLLOMA",-5.46860121919027,-8.83304213298763,181,-8.40970327168657,478,3,297,1.43591020959696,338,0.588818268722751,"High HDI",8.37719011866829,0.170955734058614,-12.25,0.0218624504865572,0,7.25510590212363e-06,0.503773165007688,0.068513797847374,0.00112617659031894,0.00149830450711998,3683,0.704624896512953,0.491188513649469,0.000881355592423516,0.00128286202897201,-1.76635062114515,-11.8338050746122,-6.78892693179299,430.633698367509,102115.423982869,0.000145833917812204,0.000222695927302843
"CONDESUYOS",-5.12974146289264,-9.22831344297166,101,-8.57198523116429,477,2,376,1.13322606161091,465,0.581571123130452,"High HDI",8.10252689300621,0.26988460106713,NA,0.0552246009971935,0,2.2867526305531e-06,0.535486160397445,0.133884213728075,0.00121327776841122,0.00217112863820954,2916,0.668586249902372,0.505103944027393,0.000893994145145106,0.000957850869798328,-1.30976081480173,-12.9883778120649,-6.71442968231572,92.6776365998029,15660.0578158458,9.82187481333303e-05,0.000189336399942255
"ISLAY",-4.8617417278441,-8.44592638578044,177,-7.99163725810633,479,3,302,1.28096771399428,173,0.630938131124971,"High HDI",9.6457256750217,0.391167313679517,-64.8,0.0147567222019857,0.00331418440931557,1.3284349430065e-05,0.505070810243037,0.102430366909341,0.000568741261319706,0.00058835302895142,73,0.775667897255883,0.472092216614837,0.000902141311058844,0.00135321196658827,-0.938619898301268,-11.2289239502139,-7.47208495252976,394.507856303584,50989.7944325482,0.000214773540320976,0.000338279778407702
"LA UNION",-5.17826890621361,-9.02225679032984,179,-9.02354782549487,384,2,205,1.2419624367473,173,0.357948486236479,"Low HDI",6.01140119630745,0.107429640601855,NA,0.0618421245981826,0,2.54421088634341e-06,0.498262995367988,0.145265054040144,0.00216898582495774,0.00289198109994365,2696,0.765962727054128,0.447111081748963,0.00136565774164006,0.00208865301662597,-2.23091915172625,-12.8816900203468,-6.13349558244795,70.1800120768277,12448.2141327623,0.00012069343886972,0.000120537719936889
"CANGALLO",-5.59315045134096,-10.0404612630311,131,-9.01473906650569,406,2,275,1.19677457665652,216,0.329311567938455,"Low HDI",5.03522721112767,0.0748940643169201,NA,0.052229032472202,0,1.66211422812166e-05,0.483251552883115,0.0761267266074822,0.0014475393552991,0.00276640854568273,2574,0.690274899591426,0.328664795131172,0.00205872263864761,0.00157620952021458,-2.59168063970447,-11.0048350415836,-6.53789016042448,115.746470360294,31087.2376873662,4.35996575049557e-05,0.000121604197938725
"HUAMANGA",-5.64961919993628,-8.68899488108888,180,-9.15923284427729,396,2,216,1.36210379054984,172,0.489395999823841,"High HDI",8.75770512103939,0.183193122461852,-28.5,0.00246171420887684,0.0184517659686923,0.00010200016773087,0.490849379472465,0.0405572648390777,0.000924567212168152,0.00196149502303729,2797,0.769309247736132,0.402455109848647,0.00122954598007084,0.00111718538136985,-1.69721436859389,-9.19053610026106,-6.98618480867839,1096.11357490592,311497.094218415,0.000168429232578261,0.000105243605322622
"HUANCA SANCOS",-5.08272196937815,-8.4475875142592,161,-8.86698281091298,458,2,297,1.17097948242024,173,0.382788203623698,"Low HDI",5.91424273496156,0.130455464383399,NA,0.0537960191658652,0,3.17765466027554e-06,0.488134964775677,0.0725806451612903,0.00121929162882836,0.00221689387059701,3433,0.717187619083786,0.33084437288577,0.00121929162882836,0.00133013632235821,-2.03672337955767,-12.6593671614952,-6.70948522097698,55.9611961353949,9021.63169164882,0.000214417070030109,0.000140967271589898
"HUANTA",-5.87924381689674,-9.46668745109441,196,-9.0074138408595,428,2,232,1.35558388396414,173,0.389530096039708,"Low HDI",6.008926169374,0.0868598126662643,-10.5,0.00875987335893152,0.00284650225146104,2.76132088844864e-05,0.493763847084058,0.0441164788023762,0.000457680656121196,0.00142908449768455,2685,0.702605811685876,0.374309733461733,0.000653829508744566,0.000336255175925777,-2.44345980860972,-10.4972163169541,-7.68933887442437,299.440386889332,107061.549018197,7.7387332690303e-05,0.000122498246684747
"LA MAR",-6.04956866482296,-9.43957311347451,182,-9.34859117340361,413,2,231,1.29241054696809,173,0.332574685607884,"Low HDI",4.98146905289913,0.0555673502894428,-41,0.031040330217789,0,2.0007407673303e-05,0.507027828019787,0.0433219290025932,0.000661737723173322,0.00163071081781997,2696,0.674297991113708,0.374240767976052,0.000709004703399988,0.000389952586869993,-2.89015947521976,-10.8194079693202,-7.32064126909063,199.621743836908,84625.6727385217,7.95143449089789e-05,8.70880246344837e-05
"LUCANAS",-5.84890394706325,-9.86181273092118,165,-9.32014994164879,372,2,207,1.24236442365821,338,0.425449006035701,"High HDI",6.926992757643,0.15646430798005,-27,0.0441847868014873,0,4.22358320600501e-06,0.521186500387515,0.0848023673641936,0.000883318334645456,0.0019302141386697,3234,0.702518340265248,0.416193390626713,0.000817887346893941,0.000474374661198486,-1.85492735903772,-12.3748266892496,-7.03182490744292,176.250275875805,61133.113490364,5.21277703570376e-05,8.96004745528365e-05
"PARINACOCHAS",-5.43301204514471,-9.58211321872073,92,-8.72052110825618,419,2,327,1.3288237978038,80,0.41744346365726,"Low HDI",7.39997678640656,0.1708304710944,NA,0.0269718998570294,0,5.52628778137026e-06,0.517339790711753,0.0755282654443772,0.000800884970636965,0.00169417974557819,3166,0.737773886915015,0.391047827146021,0.000954901311144073,0.000800884970636965,-1.76708361134741,-12.105994255119,-7.12979322840322,141.865258210136,32464.0877944326,6.89510849370774e-05,0.000163202122785269
"PAUCAR DEL SARA SARA",-4.88608020959907,-9.06288994609397,105,-8.4453377367734,459,2,354,1.1787501370849,187,0.435518521210977,"High HDI",7.76519954185495,0.18243313560204,NA,0.034468658178535,0,4.86303391843301e-06,0.521287733379864,0.0998080614203455,0.00128331118383184,0.00207304114311297,2536,0.760653287369121,0.421073605649667,NA,NA,-1.70137155335603,-12.2338480517709,-6.65831167885131,76.4915920320037,10130.0449678801,0.000115887583315865,0.000214900003769863
"SUCRE",-4.96777249559618,-9.02583691245677,116,-8.33999112048051,417,2,301,NA,NA,0.387487977919471,"Low HDI",6.56388742162989,0.164637374272102,NA,0.0642646650480579,0,5.6212615929152e-06,0.497961793621613,0.0908000959155943,0.0006976606705695,0.0020929820117085,3516,0.727263839329879,0.357324402345693,0.00318930592260343,0.00149498715122036,-1.80400995532227,-12.088954436526,-7.26777771872475,69.8196418597171,10033.5310492505,0.000120262114176886,0.000238774463130051
"VICTOR FAJARDO",-5.33972091143107,-9.37485971516928,169,-9.15807424662978,381,2,212,1.19470611259333,174,0.375382199657322,"Low HDI",5.72956489802062,0.177781093042916,NA,0.0559028219280417,0,8.8595133651991e-06,0.490799557395189,0.100446703003975,0.0004982358503419,0.00184347264626503,3105,0.711960320411166,0.371621339362028,0.00104629528571799,0.00059788302041028,-1.72720229989796,-11.6340187197768,-7.60443699798631,96.2839058347847,20070.8158458244,8.48301347928862e-05,0.00010536561098025
"VILCAS HUAMAN",-5.48270272006634,-9.34830170800846,172,-8.63773216349602,375,2,203,1.31074517425465,339,0.314307958949445,"Low HDI",4.76510026411035,0.0791767985291501,NA,0.0597690620764283,0,1.67546056226126e-05,0.483403517463463,0.0950788539344398,0.000557292899565556,0.00141856374434869,3494,0.689339424428703,0.257729343226705,0.000810607853913535,0.0013172377626095,-2.53607197094363,-10.9968373749444,-7.49241960424591,82.0732512950524,19738.2740899358,8.71132372528615e-05,0.00017728850803256
"CAJABAMBA",-5.97638483728296,-9.89518659420517,191,-9.12873119391339,428,2,237,1.32434336294453,173,0.350381975931075,"Low HDI",4.67969015653788,0.0908610461505939,-32,0.010682476107351,0.00252198873028811,4.41376449514932e-05,0.493059157712733,0.0710139557860936,0.000545544266321882,0.00107840145668279,2687,0.665060394442928,0.299540484026293,0.00038061227882922,0.000520170114399934,-2.39842390484314,-10.0281975126258,-7.51372660782238,200.044908978276,78820.3683083512,5.04167753407285e-05,0.000108503167277363
"CAJAMARCA",-5.57842152002498,-8.68461014616001,173,-8.48387439403514,422,2,249,1.48622417304589,109,0.535394003901843,"High HDI",7.98882852622377,0.212982122818447,-42.5,0.00405324107867937,0.00841191742341925,0.000132741167249541,0.478033820051992,0.0525456969065531,0.000830620636501183,0.00140293851409041,2731,0.747007097195902,0.357594500843612,0.000929383456085165,0.00137508233420775,-1.54654704722489,-8.92710943678252,-7.09333738178228,1492.08458294904,394885.445396146,0.000169169371588255,0.000206776016994563
"CELENDIN",-5.93780385006181,-9.6373317288989,185,-8.92371550649099,437,2,252,1.34630278343159,173,0.322969234443926,"Low HDI",4.88058033243385,0.0782712053006929,-23,0.0223163689934419,0.00145211324466294,3.3166759578278e-05,0.482617078176504,0.0700084996994009,0.000239060676559022,0.000648878979231631,2629,0.653067871631563,0.322793540839699,0.000330131410486269,0.000318747568745363,-2.54757549201613,-10.3139624011166,-8.33879316143804,231.715829742848,87843.8072805139,6.52469191545177e-05,0.000133192446890641
"CHOTA",-6.24072802181457,-10.3961592248399,188,-9.60952530186985,463,2,275,1.27677372678199,173,0.360510072551923,"Low HDI",4.93057635087941,0.0843660829183685,-7.5,0.0305828122069512,0.00110583797079811,3.81741422162405e-05,0.477629907847138,0.0748719430349651,0.000592432481352892,0.00173547868066906,2430,0.6855374882134,0.324324411203769,0.000383338664404813,0.00030667093152385,-2.47258981930483,-10.1733521768896,-7.43127364697096,279.554392931872,143476.265524625,3.05495920840561e-05,6.7086662658731e-05
"CONTUMAZA",-5.43940538197876,-9.49897080486515,168,-8.57516204305602,415,2,247,1.20021858558027,173,0.422103348701852,"High HDI",6.25671146467925,0.135846603834904,-42,0.0471232013552785,0,1.39702142138586e-05,0.49805737730395,0.0935256270786063,0.000691584387993355,0.00155606487298505,2695,0.659510831470299,0.321271969344236,0.00235138691917741,0.00121027267898837,-1.99622894279729,-11.1785830509648,-7.27652537816159,125.568605896442,28919.1027837259,7.49289066835834e-05,0.000188735868208612
"CUTERVO",-6.26021851337893,-10.4078577891232,174,-9.42890357807346,433,2,259,1.22959978716135,173,0.354765665560503,"Low HDI",4.89019814361015,0.0793552181440156,-52,0.0467840158199801,0,4.10604880423675e-05,0.493408437200384,0.0607551745530427,0.000651870676867581,0.00112669005878347,2665,0.658873635175849,0.329088658713668,0.000651870676867581,0.000780635255014264,-2.53382107306268,-10.100464260366,-7.33566436407386,237.435262024285,124257.7751606,3.01942880429404e-05,8.03672680825642e-05
"HUALGAYOC",-6.17671770092525,-9.76178360767453,165,-9.14712241198453,426,2,261,1.35242567699211,109,0.369343332788354,"Low HDI",4.38253245338581,0.105242225187314,-19,0.00735060825696213,0.00101987958137267,0.000120574454031648,0.479446349353945,0.06581623757773,0.000410700251257092,0.000979362137613065,2556,0.67028780834506,0.339930652025039,0.000221146289138434,0.000305392494524504,-2.25149067910243,-9.0232431200589,-7.79764692522427,197.253730171375,94959.7665952891,5.76117736401854e-05,0.000106525899777201
"JAEN",-5.46189433892147,-8.59185945728211,166,-9.28359516091132,441,2,275,1.51690729978586,109,0.494398319418157,"High HDI",7.07986919213984,0.133326502437551,-37,0.0161351192226189,0.0103920237139557,3.70124350219925e-05,0.504876615160844,0.0483078792950576,0.000624440775851235,0.00146236557763452,728,0.690882289980988,0.386233732853483,0.000667137581037644,0.000827250600486679,-2.01495425357302,-10.2042566201074,-7.37865406740135,795.470420280043,187367.64882227,0.000185610631533746,9.29364008191281e-05
"SAN IGNACIO",-6.36729150014214,-9.80191960951443,183,-9.80350919607186,456,2,273,1.35014263635335,173,0.359697614389447,"Low HDI",5.35322724669787,0.0532460572653499,11,0.0251154696285749,0,2.92183383057338e-05,0.517892697267321,0.0423264515266921,0.000350352882196365,0.000965257940745089,1295,0.665181262962315,0.37320697633925,0.000164451352867682,0.000300302470454028,-2.9328315190991,-10.4407140216457,-7.95656967656143,240.11031763146,139858.989293362,5.53452561157928e-05,5.52573499264122e-05
"SAN MARCOS",-5.82428095870546,-10.1320589407726,184,-8.79389044221466,424,2,240,1.25430800002752,401,0.338971877022097,"Low HDI",4.68762339369651,0.0786229549092572,NA,0.028953316642616,0,3.64095122963651e-05,0.491564905639775,0.0725217929352673,0.000304576460235424,0.0010761701594985,2280,0.670938912464002,0.29998691455644,0.000243661168188339,0.000649763115168904,-2.54309157499289,-10.2206804906383,-8.09658840139753,145.526418968292,49248.7173447537,3.9783474686749e-05,0.000151656806449659
"SAN MIGUEL",-5.91820693644188,-10.2067400668609,151,-9.20735439779589,438,2,287,1.26701375109382,111,0.370704804639486,"Low HDI",5.15528368488564,0.0696088439067828,NA,0.0503587450527678,0,1.85405366933982e-05,0.484226259319229,0.0914930339317806,0.000382940968415161,0.00134029338945306,2612,0.668015427812079,0.336527682115817,0.000595685950868028,0.000850979929811468,-2.66486365208798,-10.8955510503816,-7.86762971012713,126.443368941827,47004.6338329764,3.69206306532107e-05,0.000100299043664169
"SAN PABLO",-5.24031366902436,-9.24476661177898,189,-8.94745415976666,444,2,255,1.29955124035746,173,0.312599948625524,"Low HDI",4.82518588859006,0.0765330300445455,NA,0.0459240049132611,0,2.958449353721e-05,0.475140473352631,0.0791333219819513,0.000457591262674261,0.00137277378802278,2391,0.659078653920534,0.312436053539872,0.000457591262674261,0.000457591262674261,-2.57003286604528,-10.4282602008867,-7.68953421188722,104.213858571188,19668.2077087794,9.66159601181043e-05,0.000130067870917459
"SANTA CRUZ",-5.78397479914767,-9.59202217431666,169,-9.3216350083471,436,2,267,1.19978566928819,173,0.390976160229843,"Low HDI",5.99244324187291,0.120143149284254,NA,0.0491736861241106,0,2.89501521191292e-05,0.502237234602562,0.0893577820670293,0.000475352264528794,0.00132598263263295,2036,0.68359305737177,0.353310012056177,NA,NA,-2.1190713364506,-10.4499350994123,-7.6514544192518,122.967316342606,39970.3576017131,6.82712256088847e-05,8.94675106265115e-05
"CALLAO",-4.7085055338129,-8.26495569523723,100,-8.20549766563741,388,2,288,2.40645787255332,58,0.640163109859599,"High HDI",9.95816444902044,0.384790657359421,-54,0,0.00810802343971664,0.00744217478909136,0.487486128215093,0.0837083202614685,0.00128200575222976,0.000935414204576906,27,0.808428216023754,0.450026262285651,0.00179902076806551,0.00238592855456054,-0.955055839696814,-4.90059216248974,-6.65932943357503,9419.16992623132,1044457.09207709,0.000257380327043072,0.000273147759492255
"ACOMAYO",-5.49637878166335,-9.32573367267007,195,-9.26169391567829,451,2,256,1.28173700961839,173,0.297651102095443,"Low HDI",5.03097932932135,0.0549258936355711,NA,0.0609486846382825,0,2.48187846008385e-05,0.489239902470052,0.0964698399236722,0.000736055939880574,0.00116903002216326,3235,0.738806692344631,0.350957200181011,0,0.000519568898739229,-2.90177039073784,-10.6039097479268,-7.21420443685113,94.730782412078,23096.0706638116,8.91015637915568e-05,9.49942764875374e-05
"ANTA",-5.36557521647351,-9.25089808621226,186,-8.61610701813024,419,2,233,1.33576825151172,173,0.394515119323147,"Low HDI",6.48583703036108,0.0795822510052308,NA,0.0410765667018463,0,2.77558039326965e-05,0.494951952317236,0.0952438876049142,0.000482509814019926,0.000890787348959863,3363,0.714652077991473,0.351097204006862,NA,NA,-2.53096418831616,-10.492065588913,-7.63650929745442,251.899605938988,53884.9143468951,9.60253742600914e-05,0.000181164152442403
"CALCA",-6.20751834882292,-10.0867087457447,190,-9.43442330168293,427,2,237,1.36819141139113,173,0.389339846392094,"Low HDI",6.11375543241651,0.0777610640487689,-11,0.020928722472594,0.00321601505632315,2.00631725530208e-05,0.493355481727575,0.073406106628698,0.000634801762873041,0.00117085658485472,2955,0.715023574009019,0.389354145617422,0,0,-2.55411443516883,-10.8166246347439,-7.3621977922632,142.785275695144,70888.2719486081,4.16291986723689e-05,7.99248850148175e-05
"CANAS",-5.79922042096608,-9.80391391278467,183,-9.09253566683902,472,3,289,1.30376755507335,173,0.256786798672869,"Low HDI",5.21781298101526,0.0328777244181751,NA,0.0453803804652758,0,1.63743475977765e-05,0.491583665338645,0.0923057768924303,0.000586914053663299,0.0010857909992771,3925,0.639552357434633,0.237061033649045,0.00123251951269293,0.00105644529659394,-3.41495991988216,-11.0197946185938,-7.44063216510259,103.249048643329,34076.539614561,5.52349908782371e-05,0.000112502437843001
"CANCHIS",-5.41937268878322,-9.1724535269248,196,-8.79056255211477,378,3,182,1.41620070168335,173,0.468225536616414,"High HDI",7.45742860283051,0.127038653496774,-19,0.0132940578568294,0.0092087229108983,2.47226871165634e-05,0.479611669076182,0.085335146054937,0.00088108316936335,0.00135236021344142,3593,0.745852501639586,0.418715709855292,0.0012806441415165,0.00117819261019518,-2.0632638805888,-10.6077892291561,-7.03435853312019,432.392240576138,97607.130620985,0.000103861370194894,0.000152162344355157
"CHUMBIVILCAS",-6.10778050948153,-10.7732233941722,178,-8.96334710923005,355,3,177,1.30263096024586,338,0.33722823720575,"Low HDI",5.00834850424487,0.0647191687998795,NA,0.0353075073714612,0,1.41031798184402e-05,0.504041303186754,0.0832710224912468,0.000610071016673893,0.0012731916869716,3676,0.653317999914828,0.315393198991763,0.000437659642396488,0.000663120670297709,-2.7376978493323,-11.1691102669674,-7.40193518679642,167.803906391023,75401.0578158458,2.09531116710952e-05,0.000128017048791565
"CUSCO",-5.39311884436019,-8.35242586612695,184,-8.69293815669787,422,2,238,1.57585170641014,171,0.665288583510104,"High HDI",11.1111597730296,0.309612858253572,-42.8333333333333,0.00016338682286443,0.029024504461404,0.000916369662529809,0.482424374083528,0.0612263075001358,0.00110939415129043,0.00144757378105182,3439,0.826478607650598,0.48087544554412,0.00233014013189253,0.00169708436154651,-1.1724326063022,-6.99509071298551,-6.80394122231447,2205.43696455932,484949.374732334,0.000235823747136183,0.000167766377462717
"ESPINAR",-6.06904046419013,-9.5081238206784,177,-9.56749835122734,463,2,286,1.28323561344161,173,0.463360639814818,"High HDI",6.97489577821662,0.18175818832274,-23,0.011256195117182,0.00466957122858724,1.21284001606703e-05,0.509314398064982,0.0767642191323536,0.000708846741263046,0.00100813758757411,3976,0.652421868403537,0.379412423861422,0.000693094591457201,0.000913624688739038,-1.70507811091353,-11.3199607348303,-7.25187121662775,146.861981181856,63483.3982869379,7.42462103472414e-05,6.99661956931242e-05
"LA CONVENCION",-5.8139679617548,-9.6996106694276,186,-9.18233081520374,406,2,220,1.35203499678684,173,0.45051159283271,"High HDI",7.11999455562629,0.0896036643379455,-36.25,0.0214223084103319,0.000603007294571596,5.02426142543604e-06,0.531086871411171,0.0586664781625196,0.000849507573848284,0.00178021807754971,1086,0.687195977890566,0.437123411426861,0.00133672515296715,0.000824522056970393,-2.41235906320864,-12.2012320948345,-7.07085370123778,477.966489898449,160092.745711398,6.13073592366563e-05,0.000102840551261193
"PARURO",-5.02245143822792,-8.65667158398137,88,-9.02951964834887,438,2,350,1.46691483482041,64,0.248395089228038,"Low HDI",4.38265784995617,0.0383306606172019,NA,0.0716590878860116,0,1.2824874535746e-05,0.501924927815207,0.102951555983317,0.000594811965969453,0.00138789458726206,3086,0.709394120790782,0.331719875371981,0,0.000436195441710932,-3.26150516474728,-11.2641239497431,-7.42726522594537,166.145513016855,25218.0535331906,0.000173962363480709,0.000119820035102427
"PAUCARTAMBO",-6.03277315880698,-10.1791114595466,190,-8.86465199928864,424,2,234,1.33768261258675,173,0.242395128877282,"Low HDI",3.82613137283929,0.0315970261622436,NA,0.0359286287579808,0,8.20094766936721e-06,0.501302432484198,0.056464278873779,0.000400575333263508,0.00105414561385134,2917,0.653697450342292,0.338325418827159,0,0.000400575333263508,-3.45469227160754,-11.7112608409367,-7.82260871110785,113.780884318073,47431.7773019272,3.7954918432856e-05,0.000141296222958084
"QUISPICANCHI",-5.65286953924118,-9.58919706329306,189,-9.10146007690468,431,2,242,1.37968077358017,173,0.346616053888373,"Low HDI",5.44572334871301,0.0648404437835983,-25,0.0255287648731057,0,1.20325554913644e-05,0.489719217742817,0.0735933573691686,0.000429838077530427,0.000927545325197236,3179,0.696383589379661,0.309800928541121,0,0.000384591964106171,-2.73582573785063,-11.3278946239897,-7.75210198407738,310.076364600037,88405.3832976445,6.84643721026286e-05,0.000111502886790145
"URUBAMBA",-5.72572655156804,-9.24929127208775,195,-8.97957779691428,395,2,200,1.59771736663073,173,0.53802549264507,"High HDI",8.1306539409039,0.168063353035117,-60.3333333333333,0.0154858578497406,0.00361431358437278,4.48349161563596e-05,0.502402352334905,0.0789062855237431,0.000416646234732719,0.000663547707166923,2885,0.753916751618078,0.429729193801222,NA,NA,-1.78341426926423,-10.0125233436109,-7.78327305417985,211.322070168487,64803.1777301927,9.617979321582e-05,0.0001259560152954
"ACOBAMBA",-6.13080787188846,-9.43099517218641,181,-8.77261713219209,423,2,242,1.2619109239759,173,0.308727887798234,"Low HDI",5.15688784510007,0.0594116415410385,NA,0.0283065640483802,0,7.06156923351514e-05,0.481126593390289,0.0382042754169706,0.000519363138719676,0.00132895861966505,3449,0.701801059084214,0.312855768686465,0.00650731462042889,0.00054991391158554,-2.82326508627683,-9.55825816712749,-7.56290723021885,142.374353786856,65464.7922912206,8.01993480492627e-05,0.000154917609777222
"ANGARAES",-5.7978293349428,-9.12484991275286,175,-9.17725174090352,421,2,246,1.23966086812797,173,0.325894433932419,"Low HDI",5.44468259688487,0.174365435811978,NA,0.0253462184088273,0,3.11420465387417e-05,0.490547768351162,0.0439874585023976,0.000578599902928317,0.00142170261862386,3345,0.663669747148145,0.26350346992703,0.000462879922342654,0.000826571289897596,-1.74660197630083,-10.3769516731418,-7.45489933319219,183.537326272615,60490.8501070664,0.000108925116899234,0.000103364214799388
"CASTROVIRREYNA",-5.19065264075856,-8.75681061197777,125,-8.73229596330633,445,2,320,1.25674867893696,109,0.395403763628716,"Low HDI",7.11448540310293,0.124231154341296,NA,0.0710618749104585,0,4.11582404382027e-06,0.507001522070015,0.0767630644342973,0.00159698353983725,0.0033168119673543,3989,0.635420094840312,0.401421881143308,NA,NA,-2.08561130083083,-12.4006714902211,-6.43963871672958,90.6569510176497,16280.6937901499,0.000157385773257491,0.000161291710929662
"CHURCAMPA",-5.8312938538853,-9.75646852858863,128,-9.18431730716457,419,2,291,1.28565146567364,109,0.320636220266902,"Low HDI",5.02498223400303,0.0771713073944311,NA,0.052089636075781,0,2.88091310220935e-05,0.491701742525026,0.0513161625193553,0.000748618274597031,0.000950169348527001,3295,0.684774234950884,0.315088945603983,0.000115172042245697,0.000230344084491394,-2.56172755691153,-10.4548181716937,-7.19728135109403,101.909384912801,34730.6509635974,5.7918799985222e-05,0.000102636462110707
"HUANCAVELICA",-5.61225064014495,-8.69697841466352,182,-8.77396358362672,404,2,222,1.44714557112759,172,0.426498716124205,"High HDI",7.39992418657104,0.187790081179272,-46.6666666666667,0.0261763448248954,0.00442595773674766,3.30265078698296e-05,0.484176846647502,0.042084745658823,0.00103889874631858,0.00273432378371349,3746,0.732806004329952,0.326634290389249,0.00129140885827101,0.00145012950006969,-1.6724305294746,-10.3182000501628,-6.86959402462778,506.313824752246,138608.310492505,0.000167089925460282,0.000154709161103788
"HUAYTARA",-5.09791140102229,-8.45762618965272,168,-8.866254693488,443,2,275,1.19929141040659,173,0.401376031385841,"Low HDI",6.62698453160886,0.0917840783904447,NA,0.0528808410052998,0,3.0033961000119e-06,0.516011829319814,0.0874102239121251,0.001852748381187,0.00385989246080625,2732,0.615092182837059,0.347925855427787,NA,NA,-2.38831643441039,-12.7157668762254,-6.29108513086845,118.711083143095,19430.5931477516,0.000212275374543887,0.000141069949693017
"TAYACAJA",-5.99620838271417,-9.7945040194459,180,-9.06523623853868,381,2,201,1.37270831109076,338,0.36393637351504,"Low HDI",5.39033004807055,0.0574917386337113,-16,0.0443733639925784,0,2.75645904863099e-05,0.496154957036609,0.0430175463932414,0.000783098532925411,0.00173783510046461,3282,0.701680569411373,0.348520994335677,0.000396912955044386,0.000439822463697834,-2.85611401743666,-10.498978562325,-7.15225202962835,231.945652570538,93219.4314389721,5.57571993607417e-05,0.000115615995891049
"AMBO",-5.54154069936026,-9.73258824304058,177,-8.98370228115764,355,2,178,1.25813674849298,173,0.375436336723439,"Low HDI",5.24769388230095,0.0921580188679245,NA,0.0369363296585854,0,3.15606438665925e-05,0.49348816648531,0.0807943416757345,0.000685174667973151,0.00227719816120488,2106,0.635862769329207,0.315663156155687,0,6.04565883505721e-05,-2.38425057892442,-10.3635996608451,-7.28583676246458,194.543655495258,49622.3832976445,5.93185643342063e-05,0.000125437581565771
"DOS DE MAYO",-5.75590542671175,-10.0390834477763,114,-8.74630535596383,447,2,333,1.28825457228582,339,0.385045066532898,"Low HDI",5.81069931985946,0.103854711648325,NA,0.0332199788442546,0,2.97381823783791e-05,0.485599036285318,0.0714755055851646,0.000406526397810503,0.00146801199209348,3275,0.651118235293188,0.271119889561154,0.000903391995134451,0.00018067839902689,-2.26476235994124,-10.4230787358686,-7.80786169182164,140.096016966419,44277.5674518201,4.36597711814286e-05,0.000159047866168546
"HUACAYBAMBA",-5.3132662255841,-8.89299302701365,157,-8.82592149740462,372,2,215,1.23987397560723,338,0.318457467200167,"Low HDI",4.99618183074462,0.0740740740740741,NA,0.0316664176270464,0,1.17184670121054e-05,0.494418882072256,0.0690610088616224,0.000500853058935927,0.00125213264733982,3176,0.668379934981564,0.168019470665522,0.000350597141255149,0.000550938364829519,-2.60268968544438,-11.3543445833855,-7.59919779543603,98.3484380187762,19965.9357601713,0.000137347956028732,0.000146876053929025
"HUAMALIES",-6.10996005708478,-10.3726546928866,153,-9.25747060511616,420,2,267,1.23667345617268,109,0.378053917211421,"Low HDI",5.5949286537834,0.0690059378543016,NA,0.0350440407381433,0,2.04920598690899e-05,0.496674829230571,0.0635648923830391,0.000509841974792547,0.00135957859944679,3489,0.642229537596298,0.300326674994797,0.000216296595366535,0.000494392217980652,-2.67356272222803,-10.795473070308,-7.58140973360832,143.732975015684,64725.9379014989,3.12761512140517e-05,9.53963151883399e-05
"HUANUCO",-5.3983797118636,-8.92921181003639,171,-8.49163437247472,359,3,188,1.53214351710485,77,0.528693190085859,"High HDI",8.25874287701151,0.216771132629168,-52.6666666666667,0.00603462276325651,0.0132580159110173,8.54600632808088e-05,0.488569531695279,0.062789284797164,0.000640079286741488,0.00167900194813596,1921,0.715929918080171,0.387354044569766,0.00125764322168805,0.00123834434872097,-1.52891317036165,-9.36746138727583,-7.35391850375016,1406.47748026031,310898.984113465,0.000132462388920561,0.000205177649231323
"LAURICOCHA",-5.75116721564825,-9.10468814804139,157,-9.07557945722342,470,3,313,1.16298088455014,173,0.422385974109054,"High HDI",7.34688074352274,0.155871622693386,NA,0.0399777442404902,0,1.47936939716341e-05,0.507803060813532,0.0678866290777285,0.000527476042572775,0.00130110757167951,3499,0.582617277580872,0.331398220876428,0,0.000105495208514555,-1.85872254197922,-11.1213095509911,-7.54740711056908,90.404143002625,28437.3104925054,0.000111143527869774,0.000114426317520052
"LEONCIO PRADO",-5.61183431392035,-8.61010547079516,148,-9.29073600833175,366,3,218,1.6941547646887,108,0.499959701878324,"High HDI",7.7314710944829,0.145939135946413,-58.75,0.00592617032195396,0.00579379963840188,2.98017738810775e-05,0.504829199219438,0.0510183234823775,0.000553738516528281,0.00174325088536681,667,0.655033815546715,0.40883319364905,0.000628937574328418,0.000485375736709974,-1.92456562127057,-10.4209426400139,-7.4988179744664,534.554032531572,146278.428504193,0.000182254686852357,9.22751200236897e-05
"MARAÃ‘ON",-6.06580269970252,-9.82542871154836,154,-9.59643195851126,454,2,300,NA,NA,0.329365035168257,"Low HDI",5.10397399970228,0.0637818345729096,NA,0.0126064245618462,0,6.78074947263911e-06,0.506755119350539,0.0540106627892887,0.00041719781905913,0.00101319470342932,2914,0.563820331913797,0.262172431508748,NA,NA,-2.75228685373567,-11.9014229204341,-7.78195006241812,77.8827657101835,33557.2224024876,5.40593137433408e-05,6.79708270704128e-05
"PACHITEA",-6.52212004831663,-10.2364163347246,179,-9.72350028680414,358,2,179,1.22898033688494,173,0.27313445048065,"Low HDI",3.35126187812268,0.0354360340934519,NA,0.0153919238028635,0,2.04269470081076e-05,0.494683510099304,0.0557454570019591,0.000269824239026142,0.00096819285768204,2536,0.561574631428522,0.301184905407268,0,3.17440281207226e-05,-3.34002606431937,-10.798655597007,-8.21773977750648,92.6503817664732,63003.9764453961,3.58410621389042e-05,5.98601058766057e-05
"PUERTO INCA",-5.40354657793422,-9.51840648611162,101,-9.2637427175722,427,2,326,1.37857789562057,79,0.387250062379581,"Low HDI",5.79557434444492,0.0644477226627328,NA,0.0158224432373144,0,2.58966761095885e-06,0.540140561627295,0.0364717173906313,0.000744608524061539,0.00215936471977846,215,0.466009848478183,0.381543220518237,0,3.72304262030769e-05,-2.7419008851672,-12.8639810260257,-7.20265194875135,120.88475386951,26859.7516059957,7.34866731324351e-05,9.47998512713451e-05
"YAROWILCA",-5.53029351024448,-9.08091723126228,132,-9.05101651833305,353,2,221,1.34638139677149,109,0.300668529919315,"Low HDI",5.07122143611143,0.0412625018847062,NA,0.0522380878191339,0,3.3070351878154e-05,0.470638198166535,0.0733093166974197,0.000619527835770378,0.00156947051728496,3475,0.59524857286578,0.232739259587559,0,0.000206509278590126,-3.18780113612682,-10.3168733906234,-7.38655292526468,95.9962968382654,24211.9871520343,0.000113817162904205,0.000117271767408047
"CHINCHA",-4.55956929056689,-7.91165633020282,121,-8.30355160752194,394,2,273,2.00795784517718,62,0.58832352616094,"High HDI",9.74306170099357,0.417083493651404,-88,0.00222199741752898,0.00316696253097262,7.99311228585578e-05,0.489553492484527,0.0765694076038904,0.000778267209286003,0.000851364129495185,140,0.759358057356675,0.422260767615948,0.000958859600391042,0.000890062499017694,-0.8744688526419,-9.43434525840103,-7.15844063608781,2434.18767651952,232567.937901499,0.000366447120223531,0.000247635758406724
"ICA",-4.78113567499406,-8.45465019407103,166,-8.14105757594558,370,2,204,1.72866353138886,58,0.639701672784679,"High HDI",10.7337909821647,0.382627663025294,-55.1666666666667,0.00132733925674674,0.00771880313787839,5.00314451804139e-05,0.49086094683191,0.08601243303909,0.00133587950136194,0.00139973607408478,432,0.809042352687993,0.45388512284202,0.00166537941661182,0.00254915438309601,-0.960692921857621,-9.90285884660485,-6.61816540152674,3283.32264642766,391502.376873662,0.00021290804606752,0.000291328932785678
"NAZCA",-4.62403942335732,-8.45546681762847,184,-8.19626060867967,406,2,222,1.30402647756186,173,0.612562282061654,"High HDI",9.96799940373585,0.316815362146999,-42.75,0.00151699602556174,0.00778930596066768,1.21439309537467e-05,0.508432117361975,0.0756270875630362,0.0009199676696882,0.00152270510844943,618,0.712253801087288,0.452197436228611,0.00117375185442977,0.00106272127360533,-1.14943612859192,-11.3186810229541,-6.99117203018193,618.672230171079,63045.6937901499,0.000212734251313636,0.000275682529790501
"PALPA",-4.04497920630519,-8.21100653399497,188,-8.21073615090495,356,3,168,1.31321878625214,173,0.607555711702318,"High HDI",9.25421057171256,0.223019951632406,-28,0.0419048256081737,0,8.87618668883759e-06,0.50388265746333,0.106831908384971,0.00157246376093956,0.00249744244384519,371,0.768181843928485,0.410156793580499,0.00277493604871688,0.000924978682905626,-1.50049404232053,-11.632138520123,-6.45511161516266,189.302403121662,10811.0599571734,0.000271647161536311,0.000271720620265795
"PISCO",-4.71606655590459,-8.39965356048263,149,-8.33244780832708,435,2,286,1.54070506013435,77,0.574090958577166,"High HDI",9.73155802585954,0.32622857294486,-49.1666666666667,0.00167069850202383,0.00448874972201807,3.67859885842105e-05,0.491956239674988,0.0672499485965074,0.000880809133762026,0.00136250162878813,39,0.758556208061354,0.407304889743468,0.000426641924165981,0.000481692495026108,-1.12015699929941,-10.2103935302854,-7.03466960276168,1300.66806912655,145320.927194861,0.000224945240601994,0.000240582423872855
"CHANCHAMAYO",-5.38666770158194,-8.88081646749032,164,-8.68298631277933,386,2,222,1.41837427436119,338,0.478648032961303,"High HDI",7.49122990900555,0.126246790195988,-18,0.00884249322907034,0.00322054168245786,4.11458763400891e-05,0.512331977403283,0.0444122662449629,0.000638495286666277,0.0011731702015169,804,0.685092255218974,0.427285396145664,0.000970720476476372,0.000669641398210973,-2.06951663534006,-10.09838684631,-7.35639626440416,881.753834808287,192640.419700214,0.000139030605239574,0.000169444297617449
"CHUPACA",-5.15466640410396,-9.09020937276446,180,-8.74625941321621,383,3,203,1.39301522981188,76,0.510284435266002,"High HDI",8.50498742928963,0.161791348984676,-73,0.0144318782441081,0.00539864869983648,4.55575514677586e-05,0.481661203786783,0.100144659500833,0.000284914317662341,0.000740777225922086,3286,0.722347832430318,0.447126651194995,0.000284914317662341,0.00053184005963637,-1.82144774312539,-9.99653416385499,-8.16332206267808,303.902175856904,52647.4068522484,0.000112764456245295,0.000159055173432377
"CONCEPCION",-5.42031114537378,-9.68181779112327,157,-9.08820678522687,472,3,315,1.43953612601301,79,0.453853110513058,"High HDI",7.69951219636173,0.129337482686046,-53.5,0.0321855194789576,0.00478276188864721,2.3067618466426e-05,0.477274291219378,0.0975433526011561,0.000615505541794593,0.00103866560177838,3303,0.718534101957442,0.381350602211514,0.00117330743904594,0.000673209186337836,-2.04533014591754,-10.6770807218647,-7.39306660865229,230.094792674317,51989.7837259101,6.24079559746034e-05,0.000112990503203922
"HUANCAYO",-5.11490386508944,-8.51370064467986,174,-8.63591497982973,469,3,295,1.41288845083514,338,0.576126155747246,"High HDI",10.0891294158247,0.270282158664993,-22,0.00366278101057952,0.0200200448844031,0.000142645994337867,0.473081952710155,0.0734130318465678,0.000878055606371749,0.00137336902535068,3294,0.801218653857147,0.425120735351698,0.00158350199097811,0.0019474823064399,-1.30828883355711,-8.85514456105047,-7.03780063333717,3201.4690583132,532995.856531049,0.000200699730556842,0.000177610966708162
"JAUJA",-4.96777825856255,-9.1590846328287,180,-8.19955859782065,460,3,280,1.32832924913681,173,0.500636544184358,"High HDI",8.46772077490382,0.180177042170628,-28.3333333333333,0.042146393501311,0.00385837370756918,1.71991966454854e-05,0.477201814111561,0.110424181967917,0.00106748886929985,0.00225507023639593,3425,0.767767284549554,0.384706741784711,0.00153451524961853,0.00100077081496861,-1.71381534386302,-10.9706478818935,-6.84244623980124,521.492355633545,74942.2334047109,0.000105259204785802,0.000274774829416618
"JUNIN",-4.62773024440147,-9.14285601782605,90,-8.54105013169107,367,2,277,1.42387611232651,77,0.431471860723871,"High HDI",7.52619975855144,0.181385898932261,NA,0.111265267187029,0,6.84145298379724e-06,0.481937821857715,0.106389471676521,0.00122923989054538,0.00251701501397387,4127,0.729149738596116,0.356226841487207,0.0026340854797401,0.00111216942477915,-1.70712847898488,-11.892510424357,-6.70135927578953,167.026330743573,17083.7280513919,0.000106981352132522,0.000195285077382816
"SATIPO",-6.49434918527446,-10.0498833064453,182,-9.78196910685827,374,2,192,1.33191983744788,173,0.393847202784345,"Low HDI",6.78518106875986,0.0561855038360664,-31.75,0.00254602059817642,0.00396978212109597,1.42748944426501e-05,0.515044698787506,0.0294771338981731,0.000310810150872391,0.000658186201847417,676,0.580724481390792,0.36995779124852,0.000354689230995553,0.000471700111323982,-2.87909649421447,-11.15700819701,-8.07632827953954,413.488767959151,273478.841541756,4.31907888529612e-05,5.64605097390269e-05
"TARMA",-5.09063339486328,-9.30728480542786,196,-8.23267141066489,380,2,184,1.453407183282,338,0.477457888731104,"High HDI",7.62691752727718,0.150373925661346,-25.75,0.0180774114913702,0.00345772790658401,3.48148485294484e-05,0.485449652105817,0.092999810975994,0.000515922679816926,0.00171974226605642,3094,0.751872388553982,0.435320848149137,0.00107483891628526,0.000462180734002663,-1.89463024910952,-10.265466580306,-7.56955364902668,572.562136592329,93037.1970021413,9.07606437289072e-05,0.000265825252470666
"YAULI",-4.73929911690014,-9.09356063194988,144,-8.25508982677243,454,2,310,1.38772905532514,83,0.636860163344852,"High HDI",9.87302436592297,0.511289923248329,-63.5,0.021599863754882,0.00951902538276295,9.5079056779396e-06,0.540693788175637,0.0493027544082056,0.000375847056559132,0.00109862985763439,3757,0.777554922411021,0.463150149266922,0.00176359003462362,0.00193705790688168,-0.670818485190666,-11.5633869287995,-7.88632826179588,302.468912125687,34588.5374732334,0.000112387185844054,0.000259932174894007
"ASCOPE",-5.01410820597434,-8.19988763781813,147,-8.6869621950975,422,2,275,1.48031852093477,108,0.584927811478705,"High HDI",8.75669954879699,0.414635620886808,-55.75,0.017045337483486,0.00115899593972818,4.53262028971356e-05,0.491189792966064,0.0883708429182378,0.000367490924415658,0.000492771921375541,242,0.789060181916749,0.378807855464578,0.00082685457993523,0.000793446314079261,-0.880355166397996,-10.0016252623013,-7.90881193508392,795.43836326936,119730.847965739,0.000274684432380373,0.000168771944514736
"BOLIVAR",-5.40948606582959,-9.43613038877349,149,-8.95334289243646,423,2,274,NA,NA,0.294998261362243,"Low HDI",5.20579236662884,0.0888842775126236,NA,0.0822823235422825,0,8.28689876751209e-06,0.507080858839653,0.0702946550936501,0.000835217565680609,0.0016008336675545,3157,0.704577066313888,0.290813307971792,0.000556811710453739,0.000208804391420152,-2.42042000797912,-11.7008347519905,-7.08781830935135,64.2793798578635,14367.5139186295,7.97885626655608e-05,0.000129304186769458
"CHEPEN",-4.88521398774837,-8.61173326518291,101,-8.45352125044767,431,2,330,1.78524982236575,63,0.558693646146731,"High HDI",7.89377695184767,0.211635083781785,-55.25,0.00453727492265179,0.00412415749472116,7.64113805663408e-05,0.487814749185098,0.0753757301306031,0.000787388125606476,0.000684685326614327,160,0.759130859057815,0.38760629427615,0.00133513638689794,0.000570571105511939,-1.5528917903703,-9.47937891259286,-7.14678926007829,662.27559564586,87631.4967880086,0.000181958255026443,0.000213148542976672
"GRAN CHIMU",-5.68795923641684,-9.44712827892968,187,-9.4803645254664,424,2,237,1.24033219846366,173,0.372397790744179,"Low HDI",5.2753628991618,0.0773092369477912,NA,0.034317618240383,0,2.23629981198221e-05,0.523474607234198,0.0908841797588601,0.000694191070071751,0.000867738837589689,1278,0.650975960684004,0.355396626138875,0.000555352856057401,0.000242966874525113,-2.55994183573091,-10.7081028345951,-7.272763318244,97.5667106059632,28810.5117773019,7.8915864533058e-05,7.63361056280377e-05
"JULCAN",-5.80813445300636,-10.0984186630421,163,-9.59729197463325,451,2,288,1.1736400501832,187,0.21955269163205,"Low HDI",3.93663380119406,0.0256208963745361,NA,0.0423710943588737,0,2.35656497937907e-05,0.499312073867979,0.0723698290885743,0.000879827707438161,0.00133886825044938,3420,0.620660186931297,0.291386424953699,0.00172140203629205,0.00137712162903364,-3.6643469958291,-10.6557204234391,-7.03578445666289,78.5035792731869,26141.4817987152,4.1144567233592e-05,6.79123961926573e-05
"OTUZCO",-6.08344770021032,-10.4157370076786,102,-9.75908675440451,445,2,343,1.38542778073266,77,0.278322949710468,"Low HDI",4.37244459683379,0.0565359225296037,NA,0.0365010164712875,0,4.03105569541622e-05,0.495222583021236,0.0890435829071179,0.000704495624548552,0.00118211977678486,2701,0.680308480707843,0.328949386080817,0.000286574491341784,0.000310455698953599,-2.87287904587888,-10.1188971641566,-7.2580284373637,190.970350126968,83747.8586723769,2.99573154537158e-05,5.77673538345019e-05
"PACASMAYO",-5.02381706243107,-8.56859597289986,169,-8.5825674058282,424,2,255,1.52236601434616,79,0.57922443766549,"High HDI",8.46123329842832,0.288881114123833,-64.5,0.00191109646424434,0.00736447153484038,9.44055012805295e-05,0.481882930223191,0.0768533606752476,0.000562438903943692,0.000753096159517824,49,0.759243526772734,0.375762849164549,0.00104861490565773,0.000819826198968771,-1.24174004531921,-9.26791121023402,-7.48322804499597,690.177234685247,104900.282655246,0.000189979198590511,0.000187343372966246
"PATAZ",-6.52067758224551,-9.99618576498429,175,-10.2145269746047,455,2,280,1.23611972980181,173,0.392855935777298,"Low HDI",5.71487857209851,0.153804712035005,-23,0.0251038089695467,0,2.15133989792725e-05,0.519470181806604,0.0728924549728829,0.000395879788476826,0.000884907762477612,3222,0.707513228137543,0.319764180722987,0.000174652847857423,8.15046623334643e-05,-1.87207158496115,-10.7468346086061,-7.83439995724727,126.479836425634,85884.6573875803,4.55734264324913e-05,3.66342495671019e-05
"SANCHEZ CARRION",-6.61122563790998,-10.4122815353584,185,-9.65656596746353,441,2,256,1.35081946984586,173,0.28632748315696,"Low HDI",3.9337196748564,0.0765347460267996,-22.5,0.00775821853159576,0.00247242344785535,6.30637087165406e-05,0.481476228648949,0.0636862551643337,0.000336504294790542,0.000711103415406429,3183,0.658947716046773,0.275427157786085,0.000279362056052525,0.000387297395891001,-2.57001044483687,-9.67136509307214,-7.99689964583897,211.868525907932,157501.704496788,3.00610111837343e-05,6.40039365780914e-05
"SANTIAGO DE CHUCO",-5.95845880216701,-9.60512203936127,153,-9.3832369895038,434,2,281,1.45951624132706,110,0.352373208439143,"Low HDI",5.50517039474119,0.125825212197422,NA,0.0422290558973273,0,2.09283498747921e-05,0.500053870188238,0.0888242446630035,0.000662269322039966,0.000930756885029141,3126,0.675307281871215,0.265531387874428,0,3.57983417318901e-05,-2.07286153987232,-10.7744058648059,-7.31983825388443,144.358149978842,55868.5096359743,6.73827141631494e-05,8.4122457822603e-05
"TRUJILLO",-5.05812907494276,-8.33051324034428,135,-8.52810612113763,427,2,292,1.65605412969403,77,0.639914596032168,"High HDI",10.0423717198685,0.322334889321413,-52.3333333333333,0.000185194541201347,0.0133699515005635,0.000575372890548717,0.480453950934707,0.0750759651679191,0.000978838784057537,0.000867251162674978,74,0.812191223405999,0.432343948101596,0.00153775572975439,0.0021691067454715,-1.13216424494465,-7.4604922220535,-6.92914360309256,6494.88229885339,1021618.69379015,0.000241048297414027,0.000197829280055732
"VIRU",-5.62462204107786,-8.43152401644253,141,-8.73744202676584,427,3,286,1.61294166225535,108,0.500233557710893,"High HDI",6.51074891191709,0.390580997357134,-43,0.00540871987399835,0,3.8269886934484e-05,0.498532770827745,0.0418139992359028,0.0002626831959974,0.000410442493745937,88,0.704026306078089,0.406376882438119,0.000213430096747887,0.00019701239699805,-0.940119911602332,-10.1708472129474,-8.24456182983034,439.516690077548,121819.745182013,0.000217889170545674,0.000160463825552071
"CHICLAYO",-4.95726966526079,-8.40625900801915,87,-8.43608535411223,432,2,345,2.51196767906551,57,0.578176327430654,"High HDI",9.55096161470864,0.310624941382437,-61.6666666666667,0.00326933466800416,0.00946340818139673,0.000255906094186949,0.480382559863995,0.0825288920639514,0.000819649690041532,0.00103102067028147,28,0.809161385509937,0.412257170806204,0.00142323126694891,0.0027525198760134,-1.16916907083971,-8.2707000003617,-7.10663351625142,5988.42042154073,851583.31477516,0.00022346427322754,0.000216897567701205
"FERREÃ‘AFE",-5.13507022363228,-8.57443746805665,70,-8.88711159295102,429,3,359,1.82900451983179,57,0.423008219796997,"High HDI",7.33534057063762,0.164502386696094,-59.5,0.0107470693773478,0.00196351864062477,6.57999601853736e-05,0.486570529723046,0.0774490371151643,0.000810589387006966,0.00102288660741355,38,0.678807079053658,0.328591540217447,0.000366695198884104,0.000289496209645345,-1.80483020009112,-9.62889132471869,-7.11774893661797,610.022298751167,103628.299785867,0.000188872671056176,0.000138158139159646
"LAMBAYEQUE",-5.45928027921643,-8.74364905460233,95,-9.06746650036203,428,2,333,2.39730576199782,59,0.477565771225824,"High HDI",7.33039940807018,0.172605523536663,-66.2,0.0126731092410054,0.0027433709542976,3.22068831604445e-05,0.492246770304444,0.081008671332327,0.000546826309768114,0.000841271245797098,24,0.683804490629717,0.332186963631947,0.000433578257449274,0.000268559666927535,-1.75674649889432,-10.3433303655112,-7.511379338383,1315.53377406657,309056.087794433,0.00015947090684501,0.000115358429276502
"BARRANCA",-4.90120243083914,-8.27740889780111,165,-8.2364304769249,419,2,254,1.52948157789036,109,0.630704295977287,"High HDI",8.88709271717888,0.26544351403578,-35.1666666666667,0.00120763423096977,0.00970453370397106,0.000109504359133416,0.493045995496944,0.0972402701833387,0.00128715217188226,0.00184535591989243,74,0.807259586808981,0.416875744850026,0.00120834693686906,0.000669844497612197,-1.32635321409621,-9.11954620006251,-6.65532311968692,1132.55944730185,152274.147751606,0.000254194992667184,0.000264827873514297
"CAJATAMBO",-4.12751148090907,-6.96680725213783,179,-8.47541465025949,466,2,287,1.32867059366524,172,0.384518578224376,"Low HDI",7.00927912397616,0.107943284037201,NA,0.0856308286176072,0,4.31672252290193e-06,0.507042253521127,0.144697243288793,0.00106227898975286,0.00166929555532592,3396,0.762130009906785,0.366515433252228,NA,NA,-2.22614933760001,-12.3530141189022,-6.84733868844708,106.243895984153,6589.60599571735,0.000942657774984617,0.00020853270922357
"CAÃ‘ETE",-4.92241088993492,-8.59174679176467,130,-8.31151340322998,392,2,262,1.97642648218796,59,0.684562180648377,"High HDI",9.73046522642619,0.302654439551191,-50.1666666666667,0.00352508140144821,0.00353074301894032,5.5999636751266e-05,0.497702007464945,0.0864440633511551,0.000829994875647013,0.00113432633005092,77,0.753108714631712,0.447012159540366,0.00063632940466271,0.00061261526535851,-1.19516358782359,-9.7901653538347,-7.09409103111195,1842.33242824926,253013.610278373,0.00018563154462966,0.000245671961138395
"CANTA",-4.85051780170638,-8.45856655135425,173,-8.64473917889769,387,3,214,1.21831894949956,173,0.568441901944859,"High HDI",8.05334876366479,0.113179771388985,NA,0.0393365105113944,0,8.13197019443338e-06,0.513358659774553,0.133897988416267,0.000921136680539602,0.00127542001920868,2867,0.773958457087596,0.480453229933852,NA,NA,-2.1787778271586,-11.7197073274246,-6.98990212822514,110.424682693966,14112.9978586724,0.000212075852737523,0.000176050586857584
"HUARAL",-4.97320917765098,-8.42728097173135,124,-8.38021461721013,417,2,293,1.73353658599393,76,0.632245619233628,"High HDI",8.79485114994358,0.254858671654939,-85.6,0.00210006252526625,0.00652594818389033,5.37495452336163e-05,0.503096143400326,0.089620265665893,0.00141942775633228,0.00165768884400234,195,0.762989182787519,0.432637476378355,0.000775615881138707,0.00154109299258933,-1.36704611626943,-9.83117535176222,-6.55750147708905,1365.23506639703,197262.593147752,0.000218815648191438,0.000229360715416017
"HUAROCHIRI",-5.01504501059837,-8.65348361980652,174,-8.1839532248251,417,2,243,1.48124084617966,76,0.551932831420412,"High HDI",9.06592242018937,0.224972052627053,-77,0.0244512902007525,0.00140667880678386,1.31024530064529e-05,0.531579493207038,0.0961039858955301,0.00118439219405099,0.00107792997436101,2395,0.749701690587848,0.477624203988958,0.000199616661918706,0.000212924439379953,-1.49177909503892,-11.2427110928857,-6.73852555239433,498.755956768431,75144.0278372591,0.000174517834203197,0.000279096425476685
"HUAURA",-4.86826833690492,-8.42276381906425,156,-8.30519262043944,418,2,262,1.55603477683827,77,0.650962551949398,"High HDI",10.26314457986,0.310832949030459,-51.5,0.00337731273750748,0.00390787751400226,4.73434450266161e-05,0.499476021543245,0.101372651760482,0.00102103212636348,0.00143287701766976,46,0.781724241988271,0.441726424877646,0.00138997650815869,0.00160018900476293,-1.16849965249618,-9.95808218452331,-6.88694127470847,1791.74200272268,233097.464668094,0.00021980630767583,0.000247229718178094
"LIMA",-4.77297092149054,-8.56659201602301,101,-8.1369177190289,392,2,291,2.35501064201193,58,0.725512871501011,"High HDI",10.6228580246956,0.347589858581495,NA,0,0.00996200778045574,0.00347894635435559,0.486637144527865,0.0816147427515873,0.00115948722688111,0.00102192463491774,162.42,0.8274614,0.480815885229126,0.00164628902581477,0.00265406560934388,-1.05673206155882,-5.66102580277727,-6.75977741738705,77691.1929724379,9188544.51605996,0.000190360290430256,0.000292537492789778
"OYON",-5.28569182114309,-9.27564084010196,170,-8.70492502318397,392,2,222,1.2623838640856,339,0.577020074336881,"High HDI",9.04700678690705,0.395118101358588,-62,0.0396625837347814,0,1.14672931775139e-05,0.528638730473593,0.094057360112406,0.000557125661064789,0.000789261353175118,3648,0.811443170175861,0.422814040818245,NA,NA,-0.928570567988616,-11.3760116461717,-7.49271974013368,109.063967596519,21539.1263383298,9.36785946768457e-05,0.000165767389034239
"YAUYOS",-5.39824987365885,-9.32416125358483,171,-8.95839448676145,388,2,217,1.20687237797767,173,0.446639148512079,"High HDI",8.32922624510101,0.171187020475981,NA,0.0642087958945023,0,3.36832038756945e-06,0.524512496566877,0.157477341389728,0.000891654155292932,0.00195314719730833,2895,0.80702793970973,0.510067699826486,NA,NA,-1.76499863312534,-12.6010963391579,-7.0224322188479,106.559635152014,23551.7323340471,8.92417790006328e-05,0.000128652641530037
"ALTO AMAZONAS",-5.72470780075008,-8.66496608574313,119,-9.35284223506612,415,2,296,1.70673319711526,77,0.435779309053746,"High HDI",8.06168046231145,0.119796292523936,-42,0.00430603530693954,0.00499862954961081,6.51110870673152e-06,0.504279400322459,0.0463314269213184,0.000630673926365807,0.00103781785351335,150,0.588452823860314,0.338089154934873,0.000598741069334627,0.000558824998045652,-2.12196254099222,-11.9420008079909,-7.36872158593596,408.896324120957,125262.82869379,0.000172525400036679,8.67185938645354e-05
"DATEM DEL MARAÃ‘ON",-5.95839768122188,-9.36244374540473,131,-9.81529102990972,362,2,231,1.27817386126339,109,0.319824439511322,"Low HDI",5.55705781855203,0.0605791840270616,NA,0.00650233281320553,0,1.17712586955007e-06,0.504471544715447,0.0231707317073171,0.000320859421604512,0.000730846460321388,134,0.409549370064305,0.360049663776338,NA,NA,-2.80380394281906,-13.6524347944098,-8.04450746968427,144.963436181826,56099.3344374554,8.58899488766908e-05,5.46101371745123e-05
"LORETO",-5.82088485368376,-8.95384103001613,105,-9.71935595675194,368,2,263,1.59461169874052,76,0.363538669551432,"Low HDI",6.07276374485921,0.0853340166888223,NA,0.00762604896578396,0.000764218366576188,9.84377336510709e-07,0.511189937856243,0.0423904360894112,0.000326449726408502,0.000652899452817005,127,0.500143100531427,0.256679434153347,0,4.45158717829776e-05,-2.46118211513061,-13.831256541337,-8.02723459841285,199.815051875152,67391.6937901499,0.000129239791534995,6.01087006859764e-05
"MARISCAL RAMON CASTILLA",-5.89167153988193,-8.91302179165029,97,-8.97193673260481,359,2,262,1.52716852301815,76,0.351602495483565,"Low HDI",6.06853352289389,0.066677535050538,NA,0.0128218419322854,0,1.79909942299165e-06,0.517293829773163,0.0419019906090867,0.000177809614004646,0.000251896953173248,86,0.502192427367203,0.31446451017601,NA,NA,-2.70788718863139,-13.2282243388244,-8.63479716432918,186.425607896636,67487.9143468951,0.000134624411802774,0.000126922139717192
"MAYNAS",-5.4965592588392,-8.1437654231417,83,-8.75413881610342,373,2,290,2.53486880489687,57,0.563807716920938,"High HDI",10.0300261064481,0.229374450367394,-55.8333333333333,0.00192101041473962,0.00357727746248693,6.88358222186387e-06,0.495664140985802,0.0535551595760493,0.000779884337048173,0.00110022802561564,107,0.690351686315908,0.370943998255309,0.000915267681621327,0.00103348975716408,-1.47239945639462,-11.886371369739,-7.15636493511174,2150.64017435512,524436.740899358,0.000290541125663918,0.000157806838166425
"PUTUMAYO",-5.02971184398665,-8.22914801709323,159,-9.12888005555426,400,2,241,1.15607919793756,173,0.398934666479893,"Low HDI",5.71487368823532,0.0872750642673522,NA,0.0129817241288548,0,1.7470977842998e-07,0.545950790288415,0.0345445657487372,0.00112421866128211,0.00224843732256423,131,0.417886913686234,0.338544780150775,NA,NA,-2.43869048961374,-15.5601396486769,-6.79066700792358,52.3619268955736,8005.56004802123,0.000266763511413517,0.000108487016519986
"REQUENA",-5.66730917740417,-8.27251320125904,89,-9.95383687421621,391,2,302,1.94174926907485,62,0.377398345687469,"Low HDI",6.78713811501431,0.0923416109791321,NA,0.0133588629151859,0.000475751563257537,1.38251916420614e-06,0.508389349174092,0.0539315304048773,0.00020108460817889,0.00020108460817889,116,0.539245648607371,0.276675415866136,NA,NA,-2.3822604158877,-13.4916032416524,-8.51178480226061,240.695573491322,69622.4346895075,0.000255442505444108,4.75448598735218e-05
"UCAYALI",-5.83306654155976,-8.87714051771717,95,-9.52495425977262,411,2,316,1.53433529570152,75,0.400057915393813,"Low HDI",7.01335889452416,0.0985229789336896,NA,0.0137843247341559,0.000730108426648241,2.2382760948109e-06,0.512967884683364,0.0476558306385096,0.000240672786085763,0.000315883031737564,138,0.579013201452882,0.304325846854424,9.02522947821612e-05,3.00840982607204e-05,-2.31746546934476,-13.0098045889227,-8.33207228111366,194.726198533663,66480.3040685225,0.000139542615246351,7.30070709065862e-05
"MANU",-5.31145010686783,-8.89653450423228,153,-8.98235594075637,415,2,262,1.34361454214569,113,0.594538838982345,"High HDI",7.84509294670456,0.0673351663162435,NA,0.0130399483080484,0,6.89817086778324e-07,0.536353976927747,0.0228825136612022,0.00100952974277848,0.00191810651127911,535,0.624882344003126,0.464729976786185,NA,NA,-2.6980726481011,-14.1868393661237,-6.8982706577643,97.7636493538097,19811.2043187108,0.000136862401668771,0.000125606576986824
"TAHUAMANU",-5.21148310422802,-8.34875141557225,169,-9.11098717792913,427,2,258,1.20849527743445,173,0.644390088785895,"High HDI",8.74433619748266,0.211098035665792,NA,0.0149613929313857,0,6.9029033501878e-07,0.556769281694803,0.0509102946044356,0.000872929829152494,0.00181860381073436,238,0.704602021835406,0.450690908784565,NA,NA,-1.55543262940189,-14.1861535524667,-7.0436553843329,74.9693175045589,13746.8094218415,0.000236691863783762,0.000110445631807549
"TAMBOPATA",-5.10985893261379,-8.13220815638489,139,-8.64818150005477,417,2,278,1.71190175740974,108,0.61846243909341,"High HDI",9.63602914075221,0.192152430163087,-35.1666666666667,0.00078237670803614,0.0135459801630305,3.14854222735574e-06,0.519866818733674,0.0394117214230529,0.000917970713165792,0.00189772791664082,204,0.733803121767846,0.455525528481033,0.00109450354262075,0.000767917808129076,-1.64946631483249,-12.6685709972112,-6.9933450707222,683.944680062203,113293.374732334,0.00029391846577469,0.000175445606064217
"GENERAL SANCHEZ CERRO",-5.21499456189169,-8.55278315816243,200,-8.56339995214845,469,2,269,1.32497327521791,173,0.530869977186044,"High HDI",8.32737902515813,0.16878573831147,NA,0.0378742468202361,0,3.96756832775244e-06,0.516800596751772,0.12613162445326,0.00123086168224792,0.00206608925234472,2169,0.655337927576762,0.456246627646578,0,4.39593457945686e-05,-1.77912518906578,-12.4373571628284,-6.70004080019859,123.624747624669,22748.2912205567,0.000193007181836733,0.000190968903485586
"ILO",-4.73456590172936,-7.93031243439355,173,-8.43403498786748,343,3,170,1.53938356516296,109,0.685808382576186,"High HDI",10.7732591471846,0.392624147677799,-42.1666666666667,1.56166108715335e-05,0.00813558818933651,5.43713839485931e-05,0.493758743870801,0.0683617891148147,0.000987883324578163,0.00132619953162548,33,0.792284939652132,0.452822821247998,0.00148859131100819,0.00143446071788062,-0.934902491955867,-9.81967257286163,-6.9199459597221,649.264055504574,73895.3661670236,0.000359674020839243,0.000217342743383225
"MARISCAL NIETO",-4.92881264140892,-7.30762109160277,181,-9.52140275633879,357,2,176,1.51052296040148,171,0.693239989073091,"High HDI",10.4162918205531,0.382980468429624,-43.5,0.00171439146973369,0.00851335592262241,9.93503480472511e-06,0.511193633952255,0.0845977011494253,0.00117526079392583,0.00224579537849193,1428,0.783993227272956,0.49353780239164,0.0017221643316933,0.00169889184072447,-0.959771287369145,-11.519443178723,-6.74626520373647,621.771759445485,85938.3725910064,0.000670410000561199,7.32668167406971e-05
"DANIEL ALCIDES CARRION",-5.87391361855945,-9.47701830596561,171,-9.46626733849121,407,2,236,1.2120520996226,173,0.369968545187911,"Low HDI",7.93147342474505,0.115167508031207,NA,0.0265490298217938,0,3.35278009083072e-05,0.498549778841273,0.0749220506127184,0.000431960720752992,0.000863921441505985,3203,0.647394802167753,0.305193700380625,0,5.89037346481353e-05,-2.16136761884368,-10.3031355854316,-7.74717589803691,143.208947173381,50930.556745182,7.65919708451466e-05,7.74198509142738e-05
"OXAPAMPA",-5.6112786113538,-10.1277520106845,201,-8.70823205052586,430,2,229,1.25496049642068,173,0.42782213065429,"High HDI",7.14895246724591,0.131908082771236,-15,0.0118490591279426,0.00191703401648184,5.69139210117943e-06,0.509797783760095,0.0450969344101505,0.000856088896663283,0.00103143240561841,1832,0.654613329186424,0.432806869534269,0.00100048943344986,0.000546659174977759,-2.02564994159706,-12.076555682249,-7.06313633597255,354.496450211873,96952.5481798715,3.99551888458908e-05,0.000165220097199624
"PASCO",-5.54237353994535,-8.94827065259852,178,-8.82166568761284,360,3,182,1.30287968897247,173,0.545533872036433,"High HDI",9.75078248655856,0.375620859244808,-20.3333333333333,0.0126032787339446,0.00459645647145158,2.66901800872981e-05,0.503390511512904,0.0471766342141864,0.000526156663601012,0.00113649839337819,4373,0.755069992335804,0.378590111210217,0.00148025408026418,0.00086289692830566,-0.979174997394536,-10.5312148472009,-7.54991155002631,558.372400181333,142543.096359743,0.000129961714776961,0.00014750246246986
"AYABACA",-6.14202440457761,-10.3748187061157,142,-9.25915309751389,442,3,300,1.37237535079127,81,0.249814133319148,"Low HDI",4.41626196938814,0.0429300762027715,NA,0.0404255781708323,0,2.49301854051395e-05,0.504897841092267,0.0744044748770373,0.000393735588590566,0.000918716373377987,2735,0.592089066663871,0.259940053908921,NA,NA,-3.14818262170016,-10.5994312234272,-7.83983096889915,278.559643729227,129528.550321199,3.12085423886496e-05,9.52359465605937e-05
"HUANCABAMBA",-6.34010031298734,-9.86514096007821,172,-10.3527796687685,307,2,135,1.22132228151619,173,0.264839997694202,"Low HDI",4.54787582414604,0.0569232562936655,10,0.0313917559724714,0,2.73394525553672e-05,0.493229848370035,0.0732814377674191,0.000604837036303992,0.000894477307210129,1955,0.617393971317849,0.302096856548693,0,0,-2.86605129914549,-10.5071797504473,-7.41055149769876,207.085357170712,117386.99143469,5.19545655843157e-05,3.19039839017682e-05
"MORROPON",-4.95921286891501,-8.69397425979656,100,-8.66908163044572,431,3,331,2.05985663945424,62,0.431884363464973,"High HDI",6.04305812009888,0.150752652335722,-63.3333333333333,0.0227712158806909,0.00108878060250681,3.93254002809938e-05,0.50094545002177,0.0915158300677987,0.000819314433966529,0.000980491043927157,135,0.698591643583196,0.324807491642007,0.000402941524901572,0.000201470762450786,-1.89211484926281,-10.1436399302798,-7.10704262353421,1045.08217675739,148904.980728051,0.00016759264421749,0.000171816823130601
"PAITA",-5.00621682977463,-8.38506496457004,110,-8.51775356041402,414,2,304,1.87051232455633,64,0.547656328525822,"High HDI",7.84856013945713,0.250739075539679,-52.6666666666667,0.00495376686766276,0.00272617678131206,8.17532496430486e-05,0.493394043442562,0.0533104426364111,0.000686556655834448,0.000874456372168086,71,0.695727144010335,0.338746753272618,0.000968406230334905,0.00062874135850102,-1.38334242022903,-9.41180499799166,-7.28382180763358,926.562840820645,138371.683083512,0.000228250929873942,0.00019988795759592
"PIURA",-5.1290500344126,-8.41659795489501,91,-8.58470712194975,426,3,335,2.88027314863764,57,0.56893675120806,"High HDI",8.97362065841594,0.271984596926642,-61.3333333333333,0.00223512995181388,0.00671346562229586,0.000141992622630261,0.493026156349975,0.0632082215811435,0.000420662806947794,0.000621646148045074,57,0.722399922078338,0.38783028216014,0.000752519021317721,0.00118486690623629,-1.30200984323579,-8.85973545502065,-7.77367897881628,5068.159312108,855792.321199143,0.000221165790398352,0.000186942939890178
"SECHURA",-5.30391632870483,-9.09872590395723,154,-8.71722849088372,428,3,274,1.57806408263884,76,0.467311704001466,"High HDI",7.24272714493848,0.143223410839006,-61.5,0.00283661875226153,0.00167011528249273,1.31441630045862e-05,0.496545713223702,0.0518078929491534,0.000275361573896102,0.000646501086538675,12,0.692684437211181,0.327318651238874,NA,NA,-1.94334955430495,-11.2395327758617,-8.1974255097413,415.300932901444,83526.5417558886,0.00011180817212804,0.000163740370565694
"SULLANA",-5.09913880978608,-8.31048379473002,102,-8.82879955696925,431,2,329,2.49716543864554,60,0.542190015191485,"High HDI",8.39197281721102,0.226409036326392,-47.5,0.00337979860549728,0.00187929410263374,6.21783337224667e-05,0.489667995823232,0.0678205699700176,0.00059066850938447,0.000940807058761862,76,0.725989823622227,0.370296339116788,0.000980387938256697,0.000794662272934777,-1.48541202034718,-9.6855039513372,-7.43425559574682,2004.14926912884,328441.413276231,0.000245925037340131,0.000146453943617877
"TALARA",-4.80183191450047,-8.78163854162449,109,-8.10129322119399,428,2,319,1.66140336752856,75,0.584521141963706,"High HDI",9.57821063765843,0.35463753035033,-50.3333333333333,0.00778381007912427,0.00299634754014567,4.57008771685967e-05,0.501695286810376,0.0615126050420168,0.000142316217042801,0.000217219489170591,23,0.750070425292864,0.39391590269045,0.000666639121937331,0.000936290901597375,-1.03665905239112,-9.99339306618712,-8.85745909560358,1096.70571437395,133505.516059957,0.000153526319725659,0.00030314684854554
"AZANGARO",-6.27060029855028,-9.94890583341284,185,-9.59228062612036,481,3,296,1.35197118579253,173,0.319102053124564,"Low HDI",6.34756734598317,0.0672784259728966,-6,0.0367256019973858,0.00060700346060601,2.28825243285898e-05,0.48565059317445,0.0657871604278451,0.000646812146860651,0.00133674510351201,3878,0.597920718179038,0.310098568841396,0.000388087288116391,0.000275973182660544,-2.69891565876209,-10.6851370684917,-7.34345465050468,219.278468004794,115953.295503212,4.77798844993369e-05,6.82535830674569e-05
"CARABAYA",-6.52762406655222,-9.99791984997897,189,-9.73047657893245,387,2,198,1.44873572210488,173,0.340435297006813,"Low HDI",5.92147600883278,0.0457434330760208,NA,0.0128306321647978,0,7.91756518422821e-06,0.519890661878921,0.0550120029856166,0.000538776966594767,0.000840492067887836,4311,0.575531890113107,0.355774638963403,0.000193959707974116,0.000463348191271499,-3.08470703688531,-11.7464268256369,-7.52620886379477,135.721881466104,92802.7794432548,4.5494466718772e-05,5.94439575650537e-05
"CHUCUITO",-6.52476112631357,-9.58196215622784,187,-9.38841900031691,363,2,176,1.48475101924188,173,0.345184028727735,"Low HDI",7.19735037435326,0.0480438641828273,-28,0.0186690674936159,0.000307820132769149,3.31583429950101e-05,0.505603370987986,0.0595750403442711,0.000450863820749912,0.00100871227693201,3878,0.586860357889686,0.316825414641598,0.000259819828906729,0.000137551674127092,-3.03564084822697,-10.3142161989394,-7.70434521361428,191.928235977297,130859.912205567,6.89615016466229e-05,8.36876618681823e-05
"EL COLLAO",-5.80877186127992,-9.16060201004419,184,-9.21342654052644,448,2,264,1.42220498723095,172,0.379336136556248,"Low HDI",6.8501574319071,0.0643570556373086,-9.5,0.00836028477203202,0.00222143548310537,1.27006909785251e-05,0.496579485961758,0.0880513812092224,0.000728135289719677,0.00186234602947533,3907,0.591194193532883,0.414639683902137,0.000378070246585217,0.000280052034507568,-2.74330870623712,-11.2738541582219,-7.22502368950621,214.325426987885,71415.2997858672,0.000105099607981639,9.96918588772676e-05
"HUANCANE",-5.83961095918514,-9.60230308805394,187,-9.5531188237103,365,3,178,1.30670384516976,173,0.317619644629901,"Low HDI",6.10312517031751,0.0564430799118836,NA,0.0713962546592267,0,1.84257080705924e-05,0.492400403728552,0.0477201211185656,0.000641405932071726,0.00194308267657023,3866,0.629384991927991,0.385276230960417,0.000565946410651523,0.000339567846390914,-2.87452258382155,-10.9017636907444,-7.3518480221173,154.253536185198,53008.5524625268,6.75729307329923e-05,7.09795448092479e-05
"LAMPA",-5.90985482655375,-9.41546079316087,180,-9.17648551746522,472,2,292,1.29804244059385,173,0.430827933289682,"High HDI",7.14681679676042,0.119223614646564,NA,0.03146453786352,0,8.12326668666298e-06,0.487217314982539,0.0737642159517451,0.000710985451856375,0.00202523128710604,3881,0.582395347657442,0.433252555181869,0.000452445287544966,0.000323175205389261,-2.12675443452093,-11.720778183379,-7.24885858989446,125.902944049413,46414.4518201285,8.14549221522942e-05,0.00010344344523368
"MELGAR",-5.92394022021875,-9.46789186748483,196,-9.0830685568912,470,2,274,1.52657645438383,173,0.429420492644373,"High HDI",7.30861655899434,0.116714826178915,-26,0.0221610490111053,0.00255591577991938,1.05600405654743e-05,0.488839453095708,0.062764016297148,0.000723750686207088,0.00169357660572459,3937,0.654643255157929,0.361131047726809,0.000810600768551938,0.000318450301931119,-2.14802170252427,-11.4584334382661,-7.23106358095028,184.776385353673,69084.5631691649,7.72941822256336e-05,0.000113572568320273
"MOHO",-5.52134704559102,-9.14215257557884,202,-9.21281514743607,416,2,214,1.38018284924137,173,0.280311931726885,"Low HDI",5.42495952980476,0.0429301878195717,NA,0.0709583434464936,0,1.7929084340908e-05,0.484397431054023,0.0785417453721194,0.000488796182109897,0.000814660303516494,3902,0.67690933005226,0.429349567249049,NA,NA,-3.1481800217361,-10.9290863402007,-7.62356496087819,73.6587169723071,18412.5824411135,0.000107056633810328,9.97528284272333e-05
"PUNO",-5.38935868976493,-8.26928020127448,186,-8.8145708881332,469,3,283,1.65178252356155,171,0.542559077308547,"High HDI",9.48313628139396,0.219550420512634,-46.3333333333333,0.00947046189286085,0.00766517476630246,3.72800949006399e-05,0.491215431094585,0.0596831667828647,0.000826960207270667,0.00147107494157697,3848,0.710146123342496,0.40730841736309,0.00137965220509478,0.00101396125916604,-1.51617336663744,-10.1970510225321,-7.09775398106237,1098.49914778103,240640.357601713,0.000256269687479524,0.000148552684014129
"SAN ANTONIO DE PUTINA",-6.56113532712887,-9.57943061423822,198,NA,NA,1,NA,1.32669000161013,173,0.499884882646757,"High HDI",7.1848972198429,0.0340874477335032,NA,0.013694171404215,0,1.9071188280744e-05,0.525862428275699,0.0608388790863748,0.00016731086724567,0.000435008254838741,3878,0.58567592576518,0.390138686645992,NA,NA,-3.37882606411551,-10.8673318287702,-8.6956569954423,84.5300220087947,59768.9807280514,6.91363017472521e-05,NA
"SAN ROMAN",-5.60093639572337,-8.54027662957925,184,-9.08695759565888,475,3,291,1.4929474881183,172,0.558649239045766,"High HDI",9.82288611153143,0.161640377727972,-28.1666666666667,0.000847911772676203,0.0310921451104852,0.000138842220156822,0.486457804490591,0.093585103421169,0.000514446701552037,0.00115990156933782,3877,0.714014676071376,0.415376449273591,0.00107043257776356,0.00100652615521051,-1.82238130192745,-8.88217237634068,-7.57241860076368,1156.19135787248,312957.5901921,0.000195436189237715,0.000113131737957931
"SANDIA",-6.21177031413837,-9.87151495235638,189,-9.77967984505449,414,2,225,1.32103172627011,173,0.407680405527594,"Low HDI",6.62646909986069,0.0346261479642111,NA,0.0278246617043286,0,4.72187960819184e-06,0.528136933987998,0.0647435897435897,0.000601799918964001,0.001253749831175,2206,0.555873162826842,0.44490645895612,0.000902699878446001,0.000250749966235,-3.36314616082318,-12.2633036155616,-7.41558552842437,119.981090685206,59820.5464400428,5.16244607449323e-05,5.65899106872059e-05
"YUNGUYO",-5.451074040901,-9.02182066782833,182,-8.65533043746803,365,3,183,1.33445803368259,173,0.370515383968917,"Low HDI",5.99846542213719,0.0557946885405669,-40,0.0420873718048814,0,9.47089933438072e-05,0.492898015502618,0.0339474858974879,0.000608057444718882,0.00169749369984021,3850,0.718670284107939,0.378359251336438,0.000785407532761889,0.000380035902949301,-2.88607660157052,-9.26470159560962,-7.40524119901567,169.392920285791,39469.9550321199,0.000120746087473982,0.000174195829018695
"BELLAVISTA",-5.58837633488534,-9.09285437058058,145,-8.79608514960452,422,3,277,1.33695535228761,109,0.419522735202935,"Low HDI",5.81777054750123,0.0788436029291516,-14,0.0163190078705472,0,7.2578189660733e-06,0.520631850419084,0.048920051579626,0.000342157629895345,0.000461912800358716,330,0.619602692091194,0.385592972035189,0.000615883733811621,0.000410589155874414,-2.54028909848822,-11.8334311921583,-7.98023902095953,218.676826014345,58452.591006424,0.000112466588608072,0.000151324329114509
"EL DORADO",-5.83179656199261,-9.36174351294757,153,-9.50063482273106,426,2,273,1.3452423265288,109,0.330864304649706,"Low HDI",4.79956265413095,0.053221593382673,NA,0.0198755220091974,0,3.14361201786298e-05,0.51962977791385,0.0495749040295801,0.000442834963479813,0.00100867963903735,342,0.659642506972859,0.388415351465308,0.00118089323594617,0.000639650502804174,-2.93329107433412,-10.3675530020058,-7.72231340026546,119.210232750492,40647.1970021413,8.59501128685692e-05,7.48043273240753e-05
"HUALLAGA",-5.18826767790301,-8.71347214162782,173,-9.0296120547227,433,2,260,1.2381434256167,173,0.408309915985017,"Low HDI",6.07508912360292,0.101650548971134,NA,0.0284738414333028,0,1.05467119454864e-05,0.518293369357199,0.0670944500731735,0.000667081306279471,0.000902521767319285,317,0.659810757073883,0.372263885546673,0.00102024199783919,0.000627841229439503,-2.28621433832095,-11.4596964105544,-7.31259862100769,142.244056087659,25484.1498929336,0.000164356593234027,0.000119808963479024
"LAMAS",-5.83987229981901,-9.17485653270639,156,-9.50444688223662,426,3,270,1.60540312684295,109,0.364284623155073,"Low HDI",5.29547615178632,0.0805927307074251,-32,0.0252770432335852,0,1.74478683917038e-05,0.509853071181585,0.058905811129886,0.000362564015451593,0.00051967508881395,764,0.658149634247103,0.389114986912252,0.000447162285723632,0.000447162285723632,-2.51834682327107,-10.9562930719806,-7.92230950491127,240.720037175024,82744.0085653105,0.000103612090352238,7.45197116077305e-05
"MARISCAL CACERES",-5.09137984133031,-8.09437147486853,126,-9.18078632646027,433,2,307,1.63874594997685,97,0.446768919911036,"High HDI",6.67225382869544,0.123340451211587,-33.5,0.00597903353949721,0.00927036475328068,3.56049975167633e-06,0.521321941601728,0.054154539479861,0.000433532822852724,0.000729123383888673,299,0.673993024796187,0.38498299289618,0.00132030450596057,0.000768535458693466,-2.0928068511509,-12.5456096432683,-7.74354304868674,312.063177942138,50745.869379015,0.000305252432884226,0.000102999510058425
"MOYOBAMBA",-5.87535331739725,-9.31138240484756,174,-8.990001011905,425,2,251,1.23768714710314,173,0.488253337000652,"High HDI",6.90423760381112,0.1715850120541,-39,0.00516344844910528,0.00987163014727497,3.66552647867343e-05,0.507074231326723,0.0491155607434677,0.000967259690697728,0.00101597061037315,895,0.714844407257999,0.39898378948681,0.00106468153004858,0.0010577228272378,-1.76267643808491,-10.21395348956,-6.94104354561996,403.495026345764,143704.944325482,9.03895038783462e-05,0.000124649967103586
"PICOTA",-5.52658031945307,-8.46115052571165,129,-9.08911843154663,426,2,297,1.46006286394324,108,0.43875531362626,"High HDI",6.07944032047868,0.0982365273153286,NA,0.0225943550272145,0,2.16392037206758e-05,0.519133496958702,0.0544232205741116,0.000460333515786313,0.000460333515786313,228,0.666073429860073,0.365339719903142,NA,NA,-2.32037716419701,-10.7410039013046,-7.68355929687347,181.544611182793,45619.0985010707,0.000211528561569916,0.000112887542766391
"RIOJA",-5.99873124263246,-9.39466101496588,177,-9.1211860983664,424,2,247,1.27827887911291,173,0.468398046922593,"High HDI",6.27262783446166,0.112351481916699,-40.75,0.0117895223604972,0.00953916924702812,5.06546890759242e-05,0.501676647593104,0.0440887994018847,0.000342730338056525,0.000365082316625429,850,0.711262296305389,0.359403700486606,0.000417236933286205,0.000350180997579493,-2.186123090258,-9.89047875355023,-7.97856660642908,333.111330617877,134216.30620985,8.31669092205184e-05,0.000109324930283348
"SAN MARTIN",-5.31819462027361,-7.95288591785957,130,-8.84801630331867,430,2,300,1.89966624144267,108,0.607513016930018,"High HDI",9.30329937037525,0.273823765504027,-47.6666666666667,0.00380241390284392,0.0182151888595887,3.53424981461758e-05,0.502412126069731,0.0572011221078583,0.00131224477257932,0.00135819886967354,342,0.770445423887427,0.439601764978433,0.00151648520410917,0.00158286334435638,-1.29527057112166,-10.2504244046583,-6.63601604139528,959.965653307251,195847.608137045,0.000351645877754527,0.00014366644444467
"TOCACHE",-5.62248427361424,-9.02681291299689,169,-9.48208862017727,432,3,263,1.42841447402659,109,0.505567200470222,"High HDI",7.18139631405493,0.139003372049457,-35.3333333333333,0.0126804084957567,0.00550499215170848,1.03372812039021e-05,0.528789751953074,0.0399295052213483,0.0005777541357859,0.000882679929672902,519,0.674340683901571,0.41520948096569,0.000593802861779952,0.000609851587774005,-1.97325708679709,-11.47975366312,-7.45636215040027,225.291882092481,62310.2419700214,0.000120144795549328,7.62046083415375e-05
"CANDARAVE",-4.71673127796943,-8.12859544702332,175,-8.31889965676278,442,2,267,1.25991165300713,173,0.367674453157097,"Low HDI",6.94233301061103,0.0811209439528024,NA,0.0534510005331481,0,2.83722296791683e-06,0.512747875354108,0.140462700661001,0.00122108462776693,0.00198426252012126,3427,0.691833353212712,0.501465418596124,0.000610542313883464,0.00274744041247559,-2.51181410270792,-12.7726848123753,-6.70801577604499,58.5994927120997,6551.55246252677,0.000294982228142678,0.000243864050809022
"JORGE BASADRE",-4.7016160623532,-8.41029246096031,170,-8.69131001669803,374,2,204,1.20971879642766,173,0.680273531494902,"High HDI",10.3224242833094,0.327763854079644,NA,0.0375334367122946,0,3.29620826448221e-06,0.584064250237768,0.0658353587657191,0.00055581607367717,0.00166744822103151,589,0.7995002972289,0.580469118665904,0.00344605965679845,0.00366838608626932,-1.1154618869658,-12.6227377608738,-7.49507312117989,81.6870082326294,8995.78158458244,0.000222564755897359,0.000168039747094119
"TACNA",-5.24202894049897,-8.25871605494462,184,-8.34768884243814,366,3,182,1.53966996547711,338,0.6078728410369,"High HDI",10.3555442079076,0.248812682993704,-33,0.000250049032579086,0.0139116476278278,3.9790673890533e-05,0.49175226395163,0.0610221113361603,0.00104175435159452,0.00141556032481373,583,0.777705207636733,0.488394915079927,0.00119495352094666,0.00201303708528706,-1.39105494275358,-10.1318779974906,-6.86684911047387,1726.35199480289,326372.526766595,0.000258991308447749,0.000236943499866475
"TARATA",-4.6483625799082,-8.56709780294492,202,-8.17952325028013,362,3,160,1.3246501717796,174,0.430831228039735,"High HDI",7.70361788027173,0.111421069904824,NA,0.0573067510766727,0,2.41469879455181e-06,0.539476930668641,0.170614359733531,0.00150309002479294,0.00270556204462729,3077,0.741027395260494,0.494721971097664,0.000300618004958588,0.00300618004958588,-2.19443883198696,-12.9339360013911,-6.50023227326988,63.7172155805585,6652.96145610278,0.000190264033029825,0.000280335558173828
"CONTRALMIRANTE VILLAR",-4.77390701683905,-8.60093285351621,112,-8.60983843757392,377,2,265,1.46400027246571,80,0.544228946249763,"High HDI",8.17318111896323,0.202023080210856,-69,0.013449212330325,0,9.32499486769006e-06,0.515461442427735,0.0660232401805435,0.000907644144997048,0.00110934284388528,11,0.706159254973205,0.40398354590619,0.00055467142194264,0.00105891816916322,-1.59937332963835,-11.5828121428163,-7.00465816697629,167.523377389886,19831.5607490186,0.000183934130011572,0.000182303361407046
"TUMBES",-4.95398846924051,-8.36502600695654,115,-8.39257058133285,417,2,302,1.79409613747464,63,0.590134727638241,"High HDI",9.36585997185352,0.257256617751449,-48.5,0.00186474031607561,0.00390101154648088,9.20829095826346e-05,0.502622575642284,0.0582833311067095,0.00107315572230792,0.00153307960329704,9,0.760804842904098,0.408560049912919,0.00120193440898488,0.00150855032964428,-1.35768117961752,-9.29282119562855,-6.83715169789724,1150.49688572131,163070.462526767,0.000232870976440533,0.00022654417898995
"ZARUMILLA",-5.36243300853222,-8.60954942211401,107,-8.80771778616693,418,2,311,1.51414695374404,76,0.509087359993274,"High HDI",8.20986463921996,0.120076160838588,-66.5,0.00254908607513722,0.00222046431313502,7.26775511897081e-05,0.500858799112574,0.0398625921419881,0.000384026998660428,0.00064004499776738,15,0.70080843792964,0.394658342453357,0.0008412019970657,0.000914349996810543,-2.11962906386534,-9.52947800804592,-7.86479769883658,256.438053347943,54683.6552462527,0.000182356057511514,0.000149574227076363
"ATALAYA",-5.90906276813127,-9.90540637241185,158,-9.55908952494619,449,2,291,1.24540713665584,109,0.326395408705732,"Low HDI",6.15023622392637,0.0718514313518774,-20,0.00698517710893343,0,1.32343296668661e-06,0.515495610761631,0.0332302661975335,0.000290821969999379,0.000387762626665838,256,0.489314119312462,0.349119995382452,0.000329598232665962,0.000310210101332671,-2.63315474526545,-13.5352814650798,-8.14279926495449,140.020200001404,51577.9464668094,4.99041509941115e-05,7.05570098236676e-05
"CORONEL PORTILLO",-4.99808401038818,-8.22844474340623,85,-8.35773535402337,415,2,330,2.67085321397672,57,0.523483840595505,"High HDI",8.92586616988869,0.19179890048104,-57.3333333333333,0.000983523003711748,0.00524498624964124,9.57842375897868e-06,0.501971243629518,0.0622649817046323,0.000885717904179618,0.0014807247171101,162,0.663976632633741,0.38685434517165,0.0011791459215152,0.000883000978093178,-1.65130784918197,-11.5559975140722,-7.02911205063066,2484.74525850787,368063.01245762,0.000266951185157015,0.000234574961943679
"PADRE ABAD",-5.63929483104587,-9.47544935089742,114,-9.28507222989143,424,2,310,1.53210090338685,78,0.438605303975358,"High HDI",6.5723317651163,0.0769461127655681,-23,0.0115143351253472,0,6.12138599271531e-06,0.524624508476761,0.0456552568813253,0.000614678865813259,0.000948361678683314,275,0.627815139346148,0.409927728027898,0.000526867599268508,0.000597116612504309,-2.56464993634013,-12.0037220176824,-7.39441059594501,202.44410553347,56940.3015893393,7.67122345254716e-05,9.27992286756533e-05
"PURUS",-4.64126834478877,-8.16073122843444,184,-8.11944816376892,427,2,243,1.24340099872204,173,0.348426822358967,"Low HDI",7.47042139432982,0.147202797202797,NA,0.00493501895003135,0,1.9982073105419e-07,0.512174284493806,0.036736437419906,0.00054331702606642,0.00081497553909963,228,0.449670015732,0.259040258738793,NA,NA,-1.91594407013152,-15.4258452170846,-7.51781756665667,35.5058120368195,3681.09207708779,0.000285653440491971,0.000297692892846727
