"dpt_cdc","prov_cdc","n","pob","y1","ylog","x1","sd","id","y__cascade","y_se__cascade","y_ranef__cascade"
"ANCASH","AIJA",0,6763,0,-16.1180956509583,25,1,"1",-16.1180956509583,1,"1"
"ANCASH","AIJA",0,6763,0,-16.1180956509583,26,1,"2",-16.1180956509583,1,"2"
"ANCASH","AIJA",0,6763,0,-16.1180956509583,27,1,"3",-16.1180956509583,1,"3"
"ANCASH","AIJA",1,6763,0.0001478633742422,-8.81854578616273,28,1,"4",-8.81854578616273,1,"4"
"ANCASH","AIJA",1,6763,0.0001478633742422,-8.81854578616273,33,1,"5",-8.81854578616273,1,"5"
"ANCASH","AIJA",1,6763,0.0001478633742422,-8.81854578616273,51,1,"6",-8.81854578616273,1,"6"
"ANCASH","AIJA",2,6763,0.0002957267484844,-8.12573658417482,53,1,"7",-8.12573658417482,1,"7"
"ANCASH","AIJA",3,6763,0.000443590122726601,-7.72038416097977,56,1,"8",-7.72038416097977,1,"8"
"ANCASH","AIJA",2,6763,0.0002957267484844,-8.12573658417482,58,1,"9",-8.12573658417482,1,"9"
"ANCASH","AIJA",2,6763,0.0002957267484844,-8.12573658417482,61,1,"10",-8.12573658417482,1,"10"
"ANCASH","AIJA",1,6763,0.0001478633742422,-8.81854578616273,62,1,"11",-8.81854578616273,1,"11"
"ANCASH","AIJA",2,6763,0.0002957267484844,-8.12573658417482,66,1,"12",-8.12573658417482,1,"12"
"ANCASH","AIJA",1,6763,0.0001478633742422,-8.81854578616273,68,1,"13",-8.81854578616273,1,"13"
"ANCASH","AIJA",1,6763,0.0001478633742422,-8.81854578616273,70,1,"14",-8.81854578616273,1,"14"
"ANCASH","AIJA",1,6763,0.0001478633742422,-8.81854578616273,81,1,"15",-8.81854578616273,1,"15"
"ANCASH","ANTONIO RAIMONDI",0,14714,0,-16.1180956509583,20,1,"16",-16.1180956509583,1,"16"
"ANCASH","ANTONIO RAIMONDI",0,14714,0,-16.1180956509583,21,1,"17",-16.1180956509583,1,"17"
"ANCASH","ANTONIO RAIMONDI",0,14714,0,-16.1180956509583,22,1,"18",-16.1180956509583,1,"18"
"ANCASH","ANTONIO RAIMONDI",1,14714,6.79624847084409e-05,-9.59508438194049,23,1,"19",-9.59508438194049,1,"19"
"ANCASH","ANTONIO RAIMONDI",1,14714,6.79624847084409e-05,-9.59508438194049,34,1,"20",-9.59508438194049,1,"20"
"ANCASH","ANTONIO RAIMONDI",2,14714,0.000135924969416882,-8.90267209042685,39,1,"21",-8.90267209042685,1,"21"
"ANCASH","ANTONIO RAIMONDI",1,14714,6.79624847084409e-05,-9.59508438194049,40,1,"22",-9.59508438194049,1,"22"
"ANCASH","ANTONIO RAIMONDI",1,14714,6.79624847084409e-05,-9.59508438194049,55,1,"23",-9.59508438194049,1,"23"
"ANCASH","ANTONIO RAIMONDI",1,14714,6.79624847084409e-05,-9.59508438194049,57,1,"24",-9.59508438194049,1,"24"
"ANCASH","ANTONIO RAIMONDI",1,14714,6.79624847084409e-05,-9.59508438194049,60,1,"25",-9.59508438194049,1,"25"
"ANCASH","ANTONIO RAIMONDI",1,14714,6.79624847084409e-05,-9.59508438194049,61,1,"26",-9.59508438194049,1,"26"
"ANCASH","ANTONIO RAIMONDI",3,14714,0.000203887454125323,-8.49745206539689,62,1,"27",-8.49745206539689,1,"27"
"ANCASH","ANTONIO RAIMONDI",1,14714,6.79624847084409e-05,-9.59508438194049,63,1,"28",-9.59508438194049,1,"28"
"ANCASH","ANTONIO RAIMONDI",1,14714,6.79624847084409e-05,-9.59508438194049,64,1,"29",-9.59508438194049,1,"29"
"ANCASH","ANTONIO RAIMONDI",3,14714,0.000203887454125323,-8.49745206539689,66,1,"30",-8.49745206539689,1,"30"
"ANCASH","ANTONIO RAIMONDI",3,14714,0.000203887454125323,-8.49745206539689,67,1,"31",-8.49745206539689,1,"31"
"ANCASH","ANTONIO RAIMONDI",3,14714,0.000203887454125323,-8.49745206539689,68,1,"32",-8.49745206539689,1,"32"
"ANCASH","ANTONIO RAIMONDI",1,14714,6.79624847084409e-05,-9.59508438194049,69,1,"33",-9.59508438194049,1,"33"
"ANCASH","ANTONIO RAIMONDI",2,14714,0.000135924969416882,-8.90267209042685,70,1,"34",-8.90267209042685,1,"34"
"ANCASH","ANTONIO RAIMONDI",1,14714,6.79624847084409e-05,-9.59508438194049,71,1,"35",-9.59508438194049,1,"35"
"ANCASH","ANTONIO RAIMONDI",1,14714,6.79624847084409e-05,-9.59508438194049,72,1,"36",-9.59508438194049,1,"36"
"ANCASH","ANTONIO RAIMONDI",1,14714,6.79624847084409e-05,-9.59508438194049,76,1,"37",-9.59508438194049,1,"37"
"ANCASH","ASUNCION",0,8092,0,-16.1180956509583,17,1,"38",-16.1180956509583,1,"38"
"ANCASH","ASUNCION",0,8092,0,-16.1180956509583,18,1,"39",-16.1180956509583,1,"39"
"ANCASH","ASUNCION",0,8092,0,-16.1180956509583,19,1,"40",-16.1180956509583,1,"40"
"ANCASH","ASUNCION",1,8092,0.000123578843302027,-8.99782232551344,20,1,"41",-8.99782232551344,1,"41"
"ANCASH","ASUNCION",1,8092,0.000123578843302027,-8.99782232551344,35,1,"42",-8.99782232551344,1,"42"
"ANCASH","ASUNCION",1,8092,0.000123578843302027,-8.99782232551344,43,1,"43",-8.99782232551344,1,"43"
"ANCASH","ASUNCION",1,8092,0.000123578843302027,-8.99782232551344,52,1,"44",-8.99782232551344,1,"44"
"ANCASH","ASUNCION",1,8092,0.000123578843302027,-8.99782232551344,57,1,"45",-8.99782232551344,1,"45"
"ANCASH","ASUNCION",1,8092,0.000123578843302027,-8.99782232551344,58,1,"46",-8.99782232551344,1,"46"
"ANCASH","ASUNCION",2,8092,0.000247157686604053,-8.3050794995562,59,1,"47",-8.3050794995562,1,"47"
"ANCASH","ASUNCION",1,8092,0.000123578843302027,-8.99782232551344,60,1,"48",-8.99782232551344,1,"48"
"ANCASH","ASUNCION",1,8092,0.000123578843302027,-8.99782232551344,61,1,"49",-8.99782232551344,1,"49"
"ANCASH","ASUNCION",3,8092,0.00037073652990608,-7.89974921265769,62,1,"50",-7.89974921265769,1,"50"
"ANCASH","ASUNCION",1,8092,0.000123578843302027,-8.99782232551344,65,1,"51",-8.99782232551344,1,"51"
"ANCASH","ASUNCION",1,8092,0.000123578843302027,-8.99782232551344,66,1,"52",-8.99782232551344,1,"52"
"ANCASH","ASUNCION",1,8092,0.000123578843302027,-8.99782232551344,67,1,"53",-8.99782232551344,1,"53"
"ANCASH","ASUNCION",2,8092,0.000247157686604053,-8.3050794995562,68,1,"54",-8.3050794995562,1,"54"
"ANCASH","ASUNCION",1,8092,0.000123578843302027,-8.99782232551344,71,1,"55",-8.99782232551344,1,"55"
"ANCASH","ASUNCION",1,8092,0.000123578843302027,-8.99782232551344,76,1,"56",-8.99782232551344,1,"56"
"ANCASH","BOLOGNESI",0,25592,0,-16.1180956509583,9,1,"57",-16.1180956509583,1,"57"
"ANCASH","BOLOGNESI",0,25592,0,-16.1180956509583,10,1,"58",-16.1180956509583,1,"58"
"ANCASH","BOLOGNESI",0,25592,0,-16.1180956509583,11,1,"59",-16.1180956509583,1,"59"
"ANCASH","BOLOGNESI",1,25592,3.90747108471397e-05,-10.1474791508052,12,1,"60",-10.1474791508052,1,"60"
"ANCASH","BOLOGNESI",1,25592,3.90747108471397e-05,-10.1474791508052,17,1,"61",-10.1474791508052,1,"61"
"ANCASH","BOLOGNESI",2,25592,7.81494216942795e-05,-9.45560911905976,21,1,"62",-9.45560911905976,1,"62"
"ANCASH","BOLOGNESI",1,25592,3.90747108471397e-05,-10.1474791508052,22,1,"63",-10.1474791508052,1,"63"
"ANCASH","BOLOGNESI",3,25592,0.000117224132541419,-9.05057008994915,23,1,"64",-9.05057008994915,1,"64"
"ANCASH","BOLOGNESI",1,25592,3.90747108471397e-05,-10.1474791508052,24,1,"65",-10.1474791508052,1,"65"
"ANCASH","BOLOGNESI",1,25592,3.90747108471397e-05,-10.1474791508052,25,1,"66",-10.1474791508052,1,"66"
"ANCASH","BOLOGNESI",2,25592,7.81494216942795e-05,-9.45560911905976,28,1,"67",-9.45560911905976,1,"67"
"ANCASH","BOLOGNESI",1,25592,3.90747108471397e-05,-10.1474791508052,34,1,"68",-10.1474791508052,1,"68"
"ANCASH","BOLOGNESI",1,25592,3.90747108471397e-05,-10.1474791508052,37,1,"69",-10.1474791508052,1,"69"
"ANCASH","BOLOGNESI",1,25592,3.90747108471397e-05,-10.1474791508052,38,1,"70",-10.1474791508052,1,"70"
"ANCASH","BOLOGNESI",1,25592,3.90747108471397e-05,-10.1474791508052,39,1,"71",-10.1474791508052,1,"71"
"ANCASH","BOLOGNESI",3,25592,0.000117224132541419,-9.05057008994915,40,1,"72",-9.05057008994915,1,"72"
"ANCASH","BOLOGNESI",1,25592,3.90747108471397e-05,-10.1474791508052,44,1,"73",-10.1474791508052,1,"73"
"ANCASH","BOLOGNESI",2,25592,7.81494216942795e-05,-9.45560911905976,46,1,"74",-9.45560911905976,1,"74"
"ANCASH","BOLOGNESI",1,25592,3.90747108471397e-05,-10.1474791508052,49,1,"75",-10.1474791508052,1,"75"
"ANCASH","BOLOGNESI",3,25592,0.000117224132541419,-9.05057008994915,51,1,"76",-9.05057008994915,1,"76"
"ANCASH","BOLOGNESI",3,25592,0.000117224132541419,-9.05057008994915,52,1,"77",-9.05057008994915,1,"77"
"ANCASH","BOLOGNESI",2,25592,7.81494216942795e-05,-9.45560911905976,53,1,"78",-9.45560911905976,1,"78"
"ANCASH","BOLOGNESI",2,25592,7.81494216942795e-05,-9.45560911905976,54,1,"79",-9.45560911905976,1,"79"
"ANCASH","BOLOGNESI",4,25592,0.000156298843388559,-8.76310112509423,55,1,"80",-8.76310112509423,1,"80"
"ANCASH","BOLOGNESI",3,25592,0.000117224132541419,-9.05057008994915,57,1,"81",-9.05057008994915,1,"81"
"ANCASH","BOLOGNESI",3,25592,0.000117224132541419,-9.05057008994915,58,1,"82",-9.05057008994915,1,"82"
"ANCASH","BOLOGNESI",4,25592,0.000156298843388559,-8.76310112509423,59,1,"83",-8.76310112509423,1,"83"
"ANCASH","BOLOGNESI",2,25592,7.81494216942795e-05,-9.45560911905976,60,1,"84",-9.45560911905976,1,"84"
"ANCASH","BOLOGNESI",3,25592,0.000117224132541419,-9.05057008994915,61,1,"85",-9.05057008994915,1,"85"
"ANCASH","BOLOGNESI",6,25592,0.000234448265082838,-8.35784917000745,62,1,"86",-8.35784917000745,1,"86"
"ANCASH","BOLOGNESI",5,25592,0.000195373554235699,-8.54008546014067,63,1,"87",-8.54008546014067,1,"87"
"ANCASH","BOLOGNESI",3,25592,0.000117224132541419,-9.05057008994915,64,1,"88",-9.05057008994915,1,"88"
"ANCASH","BOLOGNESI",1,25592,3.90747108471397e-05,-10.1474791508052,65,1,"89",-10.1474791508052,1,"89"
"ANCASH","BOLOGNESI",2,25592,7.81494216942795e-05,-9.45560911905976,66,1,"90",-9.45560911905976,1,"90"
"ANCASH","BOLOGNESI",2,25592,7.81494216942795e-05,-9.45560911905976,67,1,"91",-9.45560911905976,1,"91"
"ANCASH","BOLOGNESI",1,25592,3.90747108471397e-05,-10.1474791508052,68,1,"92",-10.1474791508052,1,"92"
"ANCASH","BOLOGNESI",2,25592,7.81494216942795e-05,-9.45560911905976,70,1,"93",-9.45560911905976,1,"93"
"ANCASH","BOLOGNESI",2,25592,7.81494216942795e-05,-9.45560911905976,71,1,"94",-9.45560911905976,1,"94"
"ANCASH","BOLOGNESI",2,25592,7.81494216942795e-05,-9.45560911905976,72,1,"95",-9.45560911905976,1,"95"
"ANCASH","BOLOGNESI",2,25592,7.81494216942795e-05,-9.45560911905976,73,1,"96",-9.45560911905976,1,"96"
"ANCASH","BOLOGNESI",1,25592,3.90747108471397e-05,-10.1474791508052,74,1,"97",-10.1474791508052,1,"97"
"ANCASH","BOLOGNESI",1,25592,3.90747108471397e-05,-10.1474791508052,79,1,"98",-10.1474791508052,1,"98"
"ANCASH","BOLOGNESI",1,25592,3.90747108471397e-05,-10.1474791508052,83,1,"99",-10.1474791508052,1,"99"
"ANCASH","BOLOGNESI",1,25592,3.90747108471397e-05,-10.1474791508052,85,1,"100",-10.1474791508052,1,"100"
"ANCASH","CARHUAZ",0,49800,0,-16.1180956509583,5,1,"101",-16.1180956509583,1,"101"
"ANCASH","CARHUAZ",0,49800,0,-16.1180956509583,6,1,"102",-16.1180956509583,1,"102"
"ANCASH","CARHUAZ",0,49800,0,-16.1180956509583,7,1,"103",-16.1180956509583,1,"103"
"ANCASH","CARHUAZ",1,49800,2.00803212851406e-05,-10.8108026221972,8,1,"104",-10.8108026221972,1,"104"
"ANCASH","CARHUAZ",1,49800,2.00803212851406e-05,-10.8108026221972,12,1,"105",-10.8108026221972,1,"105"
"ANCASH","CARHUAZ",2,49800,4.01606425702811e-05,-10.1201361773663,13,1,"106",-10.1201361773663,1,"106"
"ANCASH","CARHUAZ",1,49800,2.00803212851406e-05,-10.8108026221972,14,1,"107",-10.8108026221972,1,"107"
"ANCASH","CARHUAZ",1,49800,2.00803212851406e-05,-10.8108026221972,17,1,"108",-10.8108026221972,1,"108"
"ANCASH","CARHUAZ",2,49800,4.01606425702811e-05,-10.1201361773663,19,1,"109",-10.1201361773663,1,"109"
"ANCASH","CARHUAZ",1,49800,2.00803212851406e-05,-10.8108026221972,21,1,"110",-10.8108026221972,1,"110"
"ANCASH","CARHUAZ",2,49800,4.01606425702811e-05,-10.1201361773663,23,1,"111",-10.1201361773663,1,"111"
"ANCASH","CARHUAZ",2,49800,4.01606425702811e-05,-10.1201361773663,24,1,"112",-10.1201361773663,1,"112"
"ANCASH","CARHUAZ",1,49800,2.00803212851406e-05,-10.8108026221972,25,1,"113",-10.8108026221972,1,"113"
"ANCASH","CARHUAZ",3,49800,6.02409638554217e-05,-9.71549935062177,26,1,"114",-9.71549935062177,1,"114"
"ANCASH","CARHUAZ",3,49800,6.02409638554217e-05,-9.71549935062177,27,1,"115",-9.71549935062177,1,"115"
"ANCASH","CARHUAZ",3,49800,6.02409638554217e-05,-9.71549935062177,28,1,"116",-9.71549935062177,1,"116"
"ANCASH","CARHUAZ",3,49800,6.02409638554217e-05,-9.71549935062177,29,1,"117",-9.71549935062177,1,"117"
"ANCASH","CARHUAZ",1,49800,2.00803212851406e-05,-10.8108026221972,30,1,"118",-10.8108026221972,1,"118"
"ANCASH","CARHUAZ",3,49800,6.02409638554217e-05,-9.71549935062177,31,1,"119",-9.71549935062177,1,"119"
"ANCASH","CARHUAZ",1,49800,2.00803212851406e-05,-10.8108026221972,32,1,"120",-10.8108026221972,1,"120"
"ANCASH","CARHUAZ",1,49800,2.00803212851406e-05,-10.8108026221972,33,1,"121",-10.8108026221972,1,"121"
"ANCASH","CARHUAZ",1,49800,2.00803212851406e-05,-10.8108026221972,34,1,"122",-10.8108026221972,1,"122"
"ANCASH","CARHUAZ",3,49800,6.02409638554217e-05,-9.71549935062177,37,1,"123",-9.71549935062177,1,"123"
"ANCASH","CARHUAZ",1,49800,2.00803212851406e-05,-10.8108026221972,39,1,"124",-10.8108026221972,1,"124"
"ANCASH","CARHUAZ",1,49800,2.00803212851406e-05,-10.8108026221972,40,1,"125",-10.8108026221972,1,"125"
"ANCASH","CARHUAZ",1,49800,2.00803212851406e-05,-10.8108026221972,43,1,"126",-10.8108026221972,1,"126"
"ANCASH","CARHUAZ",2,49800,4.01606425702811e-05,-10.1201361773663,49,1,"127",-10.1201361773663,1,"127"
"ANCASH","CARHUAZ",3,49800,6.02409638554217e-05,-9.71549935062177,50,1,"128",-9.71549935062177,1,"128"
"ANCASH","CARHUAZ",1,49800,2.00803212851406e-05,-10.8108026221972,51,1,"129",-10.8108026221972,1,"129"
"ANCASH","CARHUAZ",3,49800,6.02409638554217e-05,-9.71549935062177,52,1,"130",-9.71549935062177,1,"130"
"ANCASH","CARHUAZ",1,49800,2.00803212851406e-05,-10.8108026221972,54,1,"131",-10.8108026221972,1,"131"
"ANCASH","CARHUAZ",6,49800,0.000120481927710843,-9.02318113804421,55,1,"132",-9.02318113804421,1,"132"
"ANCASH","CARHUAZ",5,49800,0.000100401606425703,-9.20533684625754,56,1,"133",-9.20533684625754,1,"133"
"ANCASH","CARHUAZ",4,49800,8.03212851405622e-05,-9.42823167626269,57,1,"134",-9.42823167626269,1,"134"
"ANCASH","CARHUAZ",4,49800,8.03212851405622e-05,-9.42823167626269,58,1,"135",-9.42823167626269,1,"135"
"ANCASH","CARHUAZ",9,49800,0.000180722891566265,-8.61799250537563,59,1,"136",-8.61799250537563,1,"136"
"ANCASH","CARHUAZ",6,49800,0.000120481927710843,-9.02318113804421,60,1,"137",-9.02318113804421,1,"137"
"ANCASH","CARHUAZ",7,49800,0.000140562248995984,-8.86914893833135,61,1,"138",-8.86914893833135,1,"138"
"ANCASH","CARHUAZ",10,49800,0.000200803212851406,-8.51268729397954,62,1,"139",-8.51268729397954,1,"139"
"ANCASH","CARHUAZ",5,49800,0.000100401606425703,-9.20533684625754,63,1,"140",-9.20533684625754,1,"140"
"ANCASH","CARHUAZ",6,49800,0.000120481927710843,-9.02318113804421,64,1,"141",-9.02318113804421,1,"141"
"ANCASH","CARHUAZ",4,49800,8.03212851405622e-05,-9.42823167626269,65,1,"142",-9.42823167626269,1,"142"
"ANCASH","CARHUAZ",4,49800,8.03212851405622e-05,-9.42823167626269,66,1,"143",-9.42823167626269,1,"143"
"ANCASH","CARHUAZ",6,49800,0.000120481927710843,-9.02318113804421,67,1,"144",-9.02318113804421,1,"144"
"ANCASH","CARHUAZ",3,49800,6.02409638554217e-05,-9.71549935062177,68,1,"145",-9.71549935062177,1,"145"
"ANCASH","CARHUAZ",3,49800,6.02409638554217e-05,-9.71549935062177,69,1,"146",-9.71549935062177,1,"146"
"ANCASH","CARHUAZ",1,49800,2.00803212851406e-05,-10.8108026221972,70,1,"147",-10.8108026221972,1,"147"
"ANCASH","CARHUAZ",3,49800,6.02409638554217e-05,-9.71549935062177,71,1,"148",-9.71549935062177,1,"148"
"ANCASH","CARHUAZ",1,49800,2.00803212851406e-05,-10.8108026221972,72,1,"149",-10.8108026221972,1,"149"
"ANCASH","CARHUAZ",1,49800,2.00803212851406e-05,-10.8108026221972,74,1,"150",-10.8108026221972,1,"150"
"ANCASH","CARHUAZ",1,49800,2.00803212851406e-05,-10.8108026221972,75,1,"151",-10.8108026221972,1,"151"
"ANCASH","CARHUAZ",1,49800,2.00803212851406e-05,-10.8108026221972,84,1,"152",-10.8108026221972,1,"152"
"ANCASH","CARLOS FERMIN FITZCARRALD",0,19351,0,-16.1180956509583,18,1,"153",-16.1180956509583,1,"153"
"ANCASH","CARLOS FERMIN FITZCARRALD",0,19351,0,-16.1180956509583,19,1,"154",-16.1180956509583,1,"154"
"ANCASH","CARLOS FERMIN FITZCARRALD",0,19351,0,-16.1180956509583,20,1,"155",-16.1180956509583,1,"155"
"ANCASH","CARLOS FERMIN FITZCARRALD",1,19351,5.16769159216578e-05,-9.86856614660325,21,1,"156",-9.86856614660325,1,"156"
"ANCASH","CARLOS FERMIN FITZCARRALD",1,19351,5.16769159216578e-05,-9.86856614660325,23,1,"157",-9.86856614660325,1,"157"
"ANCASH","CARLOS FERMIN FITZCARRALD",2,19351,0.000103353831843316,-9.176385113924,24,1,"158",-9.176385113924,1,"158"
"ANCASH","CARLOS FERMIN FITZCARRALD",1,19351,5.16769159216578e-05,-9.86856614660325,27,1,"159",-9.86856614660325,1,"159"
"ANCASH","CARLOS FERMIN FITZCARRALD",2,19351,0.000103353831843316,-9.176385113924,31,1,"160",-9.176385113924,1,"160"
"ANCASH","CARLOS FERMIN FITZCARRALD",1,19351,5.16769159216578e-05,-9.86856614660325,33,1,"161",-9.86856614660325,1,"161"
"ANCASH","CARLOS FERMIN FITZCARRALD",1,19351,5.16769159216578e-05,-9.86856614660325,38,1,"162",-9.86856614660325,1,"162"
"ANCASH","CARLOS FERMIN FITZCARRALD",2,19351,0.000103353831843316,-9.176385113924,55,1,"163",-9.176385113924,1,"163"
"ANCASH","CARLOS FERMIN FITZCARRALD",1,19351,5.16769159216578e-05,-9.86856614660325,56,1,"164",-9.86856614660325,1,"164"
"ANCASH","CARLOS FERMIN FITZCARRALD",1,19351,5.16769159216578e-05,-9.86856614660325,57,1,"165",-9.86856614660325,1,"165"
"ANCASH","CARLOS FERMIN FITZCARRALD",2,19351,0.000103353831843316,-9.176385113924,58,1,"166",-9.176385113924,1,"166"
"ANCASH","CARLOS FERMIN FITZCARRALD",1,19351,5.16769159216578e-05,-9.86856614660325,59,1,"167",-9.86856614660325,1,"167"
"ANCASH","CARLOS FERMIN FITZCARRALD",2,19351,0.000103353831843316,-9.176385113924,60,1,"168",-9.176385113924,1,"168"
"ANCASH","CARLOS FERMIN FITZCARRALD",2,19351,0.000103353831843316,-9.176385113924,61,1,"169",-9.176385113924,1,"169"
"ANCASH","CARLOS FERMIN FITZCARRALD",1,19351,5.16769159216578e-05,-9.86856614660325,62,1,"170",-9.86856614660325,1,"170"
"ANCASH","CARLOS FERMIN FITZCARRALD",1,19351,5.16769159216578e-05,-9.86856614660325,63,1,"171",-9.86856614660325,1,"171"
"ANCASH","CARLOS FERMIN FITZCARRALD",1,19351,5.16769159216578e-05,-9.86856614660325,64,1,"172",-9.86856614660325,1,"172"
"ANCASH","CARLOS FERMIN FITZCARRALD",2,19351,0.000103353831843316,-9.176385113924,67,1,"173",-9.176385113924,1,"173"
"ANCASH","CARLOS FERMIN FITZCARRALD",1,19351,5.16769159216578e-05,-9.86856614660325,69,1,"174",-9.86856614660325,1,"174"
"ANCASH","CARLOS FERMIN FITZCARRALD",2,19351,0.000103353831843316,-9.176385113924,74,1,"175",-9.176385113924,1,"175"
"ANCASH","CASMA",0,55308,0,-16.1180956509583,7,1,"176",-16.1180956509583,1,"176"
"ANCASH","CASMA",0,55308,0,-16.1180956509583,8,1,"177",-16.1180956509583,1,"177"
"ANCASH","CASMA",0,55308,0,-16.1180956509583,9,1,"178",-16.1180956509583,1,"178"
"ANCASH","CASMA",5,55308,9.04028350329066e-05,-9.31012938141859,10,1,"179",-9.31012938141859,1,"179"
"ANCASH","CASMA",2,55308,3.61611340131626e-05,-10.2247640786323,11,1,"180",-10.2247640786323,1,"180"
"ANCASH","CASMA",2,55308,3.61611340131626e-05,-10.2247640786323,12,1,"181",-10.2247640786323,1,"181"
"ANCASH","CASMA",3,55308,5.4241701019744e-05,-9.82021865118505,13,1,"182",-9.82021865118505,1,"182"
"ANCASH","CASMA",3,55308,5.4241701019744e-05,-9.82021865118505,14,1,"183",-9.82021865118505,1,"183"
"ANCASH","CASMA",8,55308,0.000144644536052651,-8.84054018970099,15,1,"184",-8.84054018970099,1,"184"
"ANCASH","CASMA",7,55308,0.000126563969046069,-8.97397289114345,16,1,"185",-8.97397289114345,1,"185"
"ANCASH","CASMA",12,55308,0.000216966804078976,-8.43530539890229,17,1,"186",-8.43530539890229,1,"186"
"ANCASH","CASMA",14,55308,0.000253127938092139,-8.28122053376492,18,1,"187",-8.28122053376492,1,"187"
"ANCASH","CASMA",5,55308,9.04028350329066e-05,-9.31012938141859,19,1,"188",-9.31012938141859,1,"188"
"ANCASH","CASMA",6,55308,0.000108483402039488,-9.12799199787717,20,1,"189",-9.12799199787717,1,"189"
"ANCASH","CASMA",6,55308,0.000108483402039488,-9.12799199787717,21,1,"190",-9.12799199787717,1,"190"
"ANCASH","CASMA",6,55308,0.000108483402039488,-9.12799199787717,22,1,"191",-9.12799199787717,1,"191"
"ANCASH","CASMA",6,55308,0.000108483402039488,-9.12799199787717,23,1,"192",-9.12799199787717,1,"192"
"ANCASH","CASMA",4,55308,7.23222680263253e-05,-9.532996736438,24,1,"193",-9.532996736438,1,"193"
"ANCASH","CASMA",4,55308,7.23222680263253e-05,-9.532996736438,25,1,"194",-9.532996736438,1,"194"
"ANCASH","CASMA",3,55308,5.4241701019744e-05,-9.82021865118505,26,1,"195",-9.82021865118505,1,"195"
"ANCASH","CASMA",7,55308,0.000126563969046069,-8.97397289114345,27,1,"196",-8.97397289114345,1,"196"
"ANCASH","CASMA",2,55308,3.61611340131626e-05,-10.2247640786323,28,1,"197",-10.2247640786323,1,"197"
"ANCASH","CASMA",3,55308,5.4241701019744e-05,-9.82021865118505,29,1,"198",-9.82021865118505,1,"198"
"ANCASH","CASMA",1,55308,1.80805670065813e-05,-10.9151572812205,30,1,"199",-10.9151572812205,1,"199"
"ANCASH","CASMA",1,55308,1.80805670065813e-05,-10.9151572812205,31,1,"200",-10.9151572812205,1,"200"
"ANCASH","CASMA",1,55308,1.80805670065813e-05,-10.9151572812205,32,1,"201",-10.9151572812205,1,"201"
"ANCASH","CASMA",3,55308,5.4241701019744e-05,-9.82021865118505,33,1,"202",-9.82021865118505,1,"202"
"ANCASH","CASMA",1,55308,1.80805670065813e-05,-10.9151572812205,35,1,"203",-10.9151572812205,1,"203"
"ANCASH","CASMA",2,55308,3.61611340131626e-05,-10.2247640786323,37,1,"204",-10.2247640786323,1,"204"
"ANCASH","CASMA",1,55308,1.80805670065813e-05,-10.9151572812205,38,1,"205",-10.9151572812205,1,"205"
"ANCASH","CASMA",1,55308,1.80805670065813e-05,-10.9151572812205,39,1,"206",-10.9151572812205,1,"206"
"ANCASH","CASMA",1,55308,1.80805670065813e-05,-10.9151572812205,40,1,"207",-10.9151572812205,1,"207"
"ANCASH","CASMA",1,55308,1.80805670065813e-05,-10.9151572812205,41,1,"208",-10.9151572812205,1,"208"
"ANCASH","CASMA",4,55308,7.23222680263253e-05,-9.532996736438,42,1,"209",-9.532996736438,1,"209"
"ANCASH","CASMA",1,55308,1.80805670065813e-05,-10.9151572812205,44,1,"210",-10.9151572812205,1,"210"
"ANCASH","CASMA",1,55308,1.80805670065813e-05,-10.9151572812205,46,1,"211",-10.9151572812205,1,"211"
"ANCASH","CASMA",4,55308,7.23222680263253e-05,-9.532996736438,47,1,"212",-9.532996736438,1,"212"
"ANCASH","CASMA",4,55308,7.23222680263253e-05,-9.532996736438,49,1,"213",-9.532996736438,1,"213"
"ANCASH","CASMA",3,55308,5.4241701019744e-05,-9.82021865118505,50,1,"214",-9.82021865118505,1,"214"
"ANCASH","CASMA",4,55308,7.23222680263253e-05,-9.532996736438,51,1,"215",-9.532996736438,1,"215"
"ANCASH","CASMA",7,55308,0.000126563969046069,-8.97397289114345,52,1,"216",-8.97397289114345,1,"216"
"ANCASH","CASMA",4,55308,7.23222680263253e-05,-9.532996736438,53,1,"217",-9.532996736438,1,"217"
"ANCASH","CASMA",4,55308,7.23222680263253e-05,-9.532996736438,54,1,"218",-9.532996736438,1,"218"
"ANCASH","CASMA",13,55308,0.000235047371085557,-8.35529812936968,55,1,"219",-8.35529812936968,1,"219"
"ANCASH","CASMA",8,55308,0.000144644536052651,-8.84054018970099,56,1,"220",-8.84054018970099,1,"220"
"ANCASH","CASMA",14,55308,0.000253127938092139,-8.28122053376492,57,1,"221",-8.28122053376492,1,"221"
"ANCASH","CASMA",16,55308,0.000289289072105301,-8.14773850500057,58,1,"222",-8.14773850500057,1,"222"
"ANCASH","CASMA",16,55308,0.000289289072105301,-8.14773850500057,59,1,"223",-8.14773850500057,1,"223"
"ANCASH","CASMA",21,55308,0.000379691907138208,-7.87588706803268,60,1,"224",-7.87588706803268,1,"224"
"ANCASH","CASMA",19,55308,0.000343530773125045,-7.97594281096508,61,1,"225",-7.97594281096508,1,"225"
"ANCASH","CASMA",16,55308,0.000289289072105301,-8.14773850500057,62,1,"226",-8.14773850500057,1,"226"
"ANCASH","CASMA",10,55308,0.000180805670065813,-8.61753482240683,63,1,"227",-8.61753482240683,1,"227"
"ANCASH","CASMA",13,55308,0.000235047371085557,-8.35529812936968,64,1,"228",-8.35529812936968,1,"228"
"ANCASH","CASMA",8,55308,0.000144644536052651,-8.84054018970099,65,1,"229",-8.84054018970099,1,"229"
"ANCASH","CASMA",2,55308,3.61611340131626e-05,-10.2247640786323,66,1,"230",-10.2247640786323,1,"230"
"ANCASH","CASMA",2,55308,3.61611340131626e-05,-10.2247640786323,67,1,"231",-10.2247640786323,1,"231"
"ANCASH","CASMA",3,55308,5.4241701019744e-05,-9.82021865118505,68,1,"232",-9.82021865118505,1,"232"
"ANCASH","CASMA",5,55308,9.04028350329066e-05,-9.31012938141859,69,1,"233",-9.31012938141859,1,"233"
"ANCASH","CASMA",2,55308,3.61611340131626e-05,-10.2247640786323,70,1,"234",-10.2247640786323,1,"234"
"ANCASH","CASMA",1,55308,1.80805670065813e-05,-10.9151572812205,71,1,"235",-10.9151572812205,1,"235"
"ANCASH","CASMA",2,55308,3.61611340131626e-05,-10.2247640786323,73,1,"236",-10.2247640786323,1,"236"
"ANCASH","CASMA",1,55308,1.80805670065813e-05,-10.9151572812205,74,1,"237",-10.9151572812205,1,"237"
"ANCASH","CASMA",1,55308,1.80805670065813e-05,-10.9151572812205,75,1,"238",-10.9151572812205,1,"238"
"ANCASH","CASMA",1,55308,1.80805670065813e-05,-10.9151572812205,85,1,"239",-10.9151572812205,1,"239"
"ANCASH","CASMA",1,55308,1.80805670065813e-05,-10.9151572812205,86,1,"240",-10.9151572812205,1,"240"
"ANCASH","CORONGO",0,8115,0,-16.1180956509583,11,1,"241",-16.1180956509583,1,"241"
"ANCASH","CORONGO",0,8115,0,-16.1180956509583,12,1,"242",-16.1180956509583,1,"242"
"ANCASH","CORONGO",0,8115,0,-16.1180956509583,13,1,"243",-16.1180956509583,1,"243"
"ANCASH","CORONGO",1,8115,0.000123228589032656,-9.00065830903679,14,1,"244",-9.00065830903679,1,"244"
"ANCASH","CORONGO",1,8115,0.000123228589032656,-9.00065830903679,16,1,"245",-9.00065830903679,1,"245"
"ANCASH","CORONGO",1,8115,0.000123228589032656,-9.00065830903679,54,1,"246",-9.00065830903679,1,"246"
"ANCASH","CORONGO",1,8115,0.000123228589032656,-9.00065830903679,56,1,"247",-9.00065830903679,1,"247"
"ANCASH","CORONGO",3,8115,0.000369685767097967,-7.90258672785911,57,1,"248",-7.90258672785911,1,"248"
"ANCASH","CORONGO",2,8115,0.000246457178065311,-8.30791663168302,58,1,"249",-8.30791663168302,1,"249"
"ANCASH","CORONGO",1,8115,0.000123228589032656,-9.00065830903679,60,1,"250",-9.00065830903679,1,"250"
"ANCASH","CORONGO",2,8115,0.000246457178065311,-8.30791663168302,62,1,"251",-8.30791663168302,1,"251"
"ANCASH","CORONGO",1,8115,0.000123228589032656,-9.00065830903679,63,1,"252",-9.00065830903679,1,"252"
"ANCASH","CORONGO",1,8115,0.000123228589032656,-9.00065830903679,64,1,"253",-9.00065830903679,1,"253"
"ANCASH","CORONGO",1,8115,0.000123228589032656,-9.00065830903679,65,1,"254",-9.00065830903679,1,"254"
"ANCASH","CORONGO",1,8115,0.000123228589032656,-9.00065830903679,67,1,"255",-9.00065830903679,1,"255"
"ANCASH","CORONGO",1,8115,0.000123228589032656,-9.00065830903679,69,1,"256",-9.00065830903679,1,"256"
"ANCASH","CORONGO",1,8115,0.000123228589032656,-9.00065830903679,79,1,"257",-9.00065830903679,1,"257"
"ANCASH","HUARAZ",0,181637,0,-16.1180956509583,5,1,"258",-16.1180956509583,1,"258"
"ANCASH","HUARAZ",0,181637,0,-16.1180956509583,6,1,"259",-16.1180956509583,1,"259"
"ANCASH","HUARAZ",0,181637,0,-16.1180956509583,7,1,"260",-16.1180956509583,1,"260"
"ANCASH","HUARAZ",1,181637,5.50548621701526e-06,-12.0917647581881,8,1,"261",-12.0917647581881,1,"261"
"ANCASH","HUARAZ",1,181637,5.50548621701526e-06,-12.0917647581881,9,1,"262",-12.0917647581881,1,"262"
"ANCASH","HUARAZ",1,181637,5.50548621701526e-06,-12.0917647581881,10,1,"263",-12.0917647581881,1,"263"
"ANCASH","HUARAZ",5,181637,2.75274310850763e-05,-10.4967013989187,11,1,"264",-10.4967013989187,1,"264"
"ANCASH","HUARAZ",6,181637,3.30329173020915e-05,-10.3149832893236,12,1,"265",-10.3149832893236,1,"265"
"ANCASH","HUARAZ",7,181637,3.85384035191068e-05,-10.1612638662668,13,1,"266",-10.1612638662668,1,"266"
"ANCASH","HUARAZ",2,181637,1.10109724340305e-05,-11.4075774303275,14,1,"267",-11.4075774303275,1,"267"
"ANCASH","HUARAZ",10,181637,5.50548621701526e-05,-9.80536565350077,15,1,"268",-9.80536565350077,1,"268"
"ANCASH","HUARAZ",7,181637,3.85384035191068e-05,-10.1612638662668,16,1,"269",-10.1612638662668,1,"269"
"ANCASH","HUARAZ",7,181637,3.85384035191068e-05,-10.1612638662668,17,1,"270",-10.1612638662668,1,"270"
"ANCASH","HUARAZ",26,181637,0.000143142641642397,-8.85097057093207,18,1,"271",-8.85097057093207,1,"271"
"ANCASH","HUARAZ",23,181637,0.000126626182991351,-8.97348183854309,19,1,"272",-8.97348183854309,1,"272"
"ANCASH","HUARAZ",25,181637,0.000137637155425381,-8.89016335982966,20,1,"273",-8.89016335982966,1,"273"
"ANCASH","HUARAZ",28,181637,0.000154153614076427,-8.77691246546021,21,1,"274",-8.77691246546021,1,"274"
"ANCASH","HUARAZ",50,181637,0.000275274310850763,-8.19737925542951,22,1,"275",-8.19737925542951,1,"275"
"ANCASH","HUARAZ",39,181637,0.000214713962463595,-8.44573819528385,23,1,"276",-8.44573819528385,1,"276"
"ANCASH","HUARAZ",32,181637,0.000176175558944488,-8.64346211149772,24,1,"277",-8.64346211149772,1,"277"
"ANCASH","HUARAZ",35,181637,0.000192692017595534,-8.55389857915773,25,1,"278",-8.55389857915773,1,"278"
"ANCASH","HUARAZ",29,181637,0.000159659100293442,-8.74184350048598,26,1,"279",-8.74184350048598,1,"279"
"ANCASH","HUARAZ",21,181637,0.00011561521055732,-9.06437846691437,27,1,"280",-9.06437846691437,1,"280"
"ANCASH","HUARAZ",28,181637,0.000154153614076427,-8.77691246546021,28,1,"281",-8.77691246546021,1,"281"
"ANCASH","HUARAZ",18,181637,9.90987519062746e-05,-9.21838512534257,29,1,"282",-9.21838512534257,1,"282"
"ANCASH","HUARAZ",11,181637,6.05603483871678e-05,-9.71022031244358,30,1,"283",-9.71022031244358,1,"283"
"ANCASH","HUARAZ",9,181637,4.95493759531373e-05,-9.91052473647177,31,1,"284",-9.91052473647177,1,"284"
"ANCASH","HUARAZ",8,181637,4.4043889736122e-05,-10.028056038315,32,1,"285",-10.028056038315,1,"285"
"ANCASH","HUARAZ",7,181637,3.85384035191068e-05,-10.1612638662668,33,1,"286",-10.1612638662668,1,"286"
"ANCASH","HUARAZ",5,181637,2.75274310850763e-05,-10.4967013989187,34,1,"287",-10.4967013989187,1,"287"
"ANCASH","HUARAZ",4,181637,2.2021944868061e-05,-10.7189404616643,35,1,"288",-10.7189404616643,1,"288"
"ANCASH","HUARAZ",3,181637,1.65164586510458e-05,-11.0051168687956,36,1,"289",-11.0051168687956,1,"289"
"ANCASH","HUARAZ",5,181637,2.75274310850763e-05,-10.4967013989187,37,1,"290",-10.4967013989187,1,"290"
"ANCASH","HUARAZ",2,181637,1.10109724340305e-05,-11.4075774303275,38,1,"291",-11.4075774303275,1,"291"
"ANCASH","HUARAZ",3,181637,1.65164586510458e-05,-11.0051168687956,39,1,"292",-11.0051168687956,1,"292"
"ANCASH","HUARAZ",1,181637,5.50548621701526e-06,-12.0917647581881,40,1,"293",-12.0917647581881,1,"293"
"ANCASH","HUARAZ",1,181637,5.50548621701526e-06,-12.0917647581881,41,1,"294",-12.0917647581881,1,"294"
"ANCASH","HUARAZ",5,181637,2.75274310850763e-05,-10.4967013989187,42,1,"295",-10.4967013989187,1,"295"
"ANCASH","HUARAZ",4,181637,2.2021944868061e-05,-10.7189404616643,44,1,"296",-10.7189404616643,1,"296"
"ANCASH","HUARAZ",1,181637,5.50548621701526e-06,-12.0917647581881,45,1,"297",-12.0917647581881,1,"297"
"ANCASH","HUARAZ",3,181637,1.65164586510458e-05,-11.0051168687956,46,1,"298",-11.0051168687956,1,"298"
"ANCASH","HUARAZ",8,181637,4.4043889736122e-05,-10.028056038315,47,1,"299",-10.028056038315,1,"299"
"ANCASH","HUARAZ",7,181637,3.85384035191068e-05,-10.1612638662668,48,1,"300",-10.1612638662668,1,"300"
"ANCASH","HUARAZ",17,181637,9.35932656892593e-05,-9.27548424228183,49,1,"301",-9.27548424228183,1,"301"
"ANCASH","HUARAZ",23,181637,0.000126626182991351,-8.97348183854309,50,1,"302",-8.97348183854309,1,"302"
"ANCASH","HUARAZ",16,181637,8.80877794722441e-05,-9.33604215928758,51,1,"303",-9.33604215928758,1,"303"
"ANCASH","HUARAZ",12,181637,6.60658346041831e-05,-9.62334632183585,52,1,"304",-9.62334632183585,1,"304"
"ANCASH","HUARAZ",24,181637,0.000132131669208366,-8.93095510395282,53,1,"305",-8.93095510395282,1,"305"
"ANCASH","HUARAZ",16,181637,8.80877794722441e-05,-9.33604215928758,54,1,"306",-9.33604215928758,1,"306"
"ANCASH","HUARAZ",19,181637,0.00010460423812329,-9.16437096217455,55,1,"307",-9.16437096217455,1,"307"
"ANCASH","HUARAZ",27,181637,0.000148648127859412,-8.81325609943682,56,1,"308",-8.81325609943682,1,"308"
"ANCASH","HUARAZ",23,181637,0.000126626182991351,-8.97348183854309,57,1,"309",-8.97348183854309,1,"309"
"ANCASH","HUARAZ",24,181637,0.000132131669208366,-8.93095510395282,58,1,"310",-8.93095510395282,1,"310"
"ANCASH","HUARAZ",33,181637,0.000181681045161503,-8.6127076436945,59,1,"311",-8.6127076436945,1,"311"
"ANCASH","HUARAZ",33,181637,0.000181681045161503,-8.6127076436945,60,1,"312",-8.6127076436945,1,"312"
"ANCASH","HUARAZ",39,181637,0.000214713962463595,-8.44573819528385,61,1,"313",-8.44573819528385,1,"313"
"ANCASH","HUARAZ",27,181637,0.000148648127859412,-8.81325609943682,62,1,"314",-8.81325609943682,1,"314"
"ANCASH","HUARAZ",32,181637,0.000176175558944488,-8.64346211149772,63,1,"315",-8.64346211149772,1,"315"
"ANCASH","HUARAZ",32,181637,0.000176175558944488,-8.64346211149772,64,1,"316",-8.64346211149772,1,"316"
"ANCASH","HUARAZ",31,181637,0.000170670072727473,-8.67519251018554,65,1,"317",-8.67519251018554,1,"317"
"ANCASH","HUARAZ",25,181637,0.000137637155425381,-8.89016335982966,66,1,"318",-8.89016335982966,1,"318"
"ANCASH","HUARAZ",18,181637,9.90987519062746e-05,-9.21838512534257,67,1,"319",-9.21838512534257,1,"319"
"ANCASH","HUARAZ",11,181637,6.05603483871678e-05,-9.71022031244358,68,1,"320",-9.71022031244358,1,"320"
"ANCASH","HUARAZ",9,181637,4.95493759531373e-05,-9.91052473647177,69,1,"321",-9.91052473647177,1,"321"
"ANCASH","HUARAZ",7,181637,3.85384035191068e-05,-10.1612638662668,70,1,"322",-10.1612638662668,1,"322"
"ANCASH","HUARAZ",6,181637,3.30329173020915e-05,-10.3149832893236,71,1,"323",-10.3149832893236,1,"323"
"ANCASH","HUARAZ",7,181637,3.85384035191068e-05,-10.1612638662668,72,1,"324",-10.1612638662668,1,"324"
"ANCASH","HUARAZ",4,181637,2.2021944868061e-05,-10.7189404616643,73,1,"325",-10.7189404616643,1,"325"
"ANCASH","HUARAZ",6,181637,3.30329173020915e-05,-10.3149832893236,74,1,"326",-10.3149832893236,1,"326"
"ANCASH","HUARAZ",8,181637,4.4043889736122e-05,-10.028056038315,75,1,"327",-10.028056038315,1,"327"
"ANCASH","HUARAZ",3,181637,1.65164586510458e-05,-11.0051168687956,76,1,"328",-11.0051168687956,1,"328"
"ANCASH","HUARAZ",3,181637,1.65164586510458e-05,-11.0051168687956,77,1,"329",-11.0051168687956,1,"329"
"ANCASH","HUARAZ",5,181637,2.75274310850763e-05,-10.4967013989187,78,1,"330",-10.4967013989187,1,"330"
"ANCASH","HUARAZ",4,181637,2.2021944868061e-05,-10.7189404616643,79,1,"331",-10.7189404616643,1,"331"
"ANCASH","HUARAZ",2,181637,1.10109724340305e-05,-11.4075774303275,80,1,"332",-11.4075774303275,1,"332"
"ANCASH","HUARAZ",1,181637,5.50548621701526e-06,-12.0917647581881,81,1,"333",-12.0917647581881,1,"333"
"ANCASH","HUARAZ",2,181637,1.10109724340305e-05,-11.4075774303275,83,1,"334",-11.4075774303275,1,"334"
"ANCASH","HUARAZ",2,181637,1.10109724340305e-05,-11.4075774303275,84,1,"335",-11.4075774303275,1,"335"
"ANCASH","HUARAZ",1,181637,5.50548621701526e-06,-12.0917647581881,85,1,"336",-12.0917647581881,1,"336"
"ANCASH","HUARAZ",2,181637,1.10109724340305e-05,-11.4075774303275,86,1,"337",-11.4075774303275,1,"337"
"ANCASH","HUARI",0,64695,0,-16.1180956509583,9,1,"338",-16.1180956509583,1,"338"
"ANCASH","HUARI",0,64695,0,-16.1180956509583,10,1,"339",-16.1180956509583,1,"339"
"ANCASH","HUARI",0,64695,0,-16.1180956509583,11,1,"340",-16.1180956509583,1,"340"
"ANCASH","HUARI",1,64695,1.54571450653064e-05,-11.0709905351418,12,1,"341",-11.0709905351418,1,"341"
"ANCASH","HUARI",4,64695,6.18285802612258e-05,-9.68952876817252,17,1,"342",-9.68952876817252,1,"342"
"ANCASH","HUARI",1,64695,1.54571450653064e-05,-11.0709905351418,19,1,"343",-11.0709905351418,1,"343"
"ANCASH","HUARI",1,64695,1.54571450653064e-05,-11.0709905351418,22,1,"344",-11.0709905351418,1,"344"
"ANCASH","HUARI",2,64695,3.09142901306129e-05,-10.3810624877388,23,1,"345",-10.3810624877388,1,"345"
"ANCASH","HUARI",1,64695,1.54571450653064e-05,-11.0709905351418,24,1,"346",-11.0709905351418,1,"346"
"ANCASH","HUARI",4,64695,6.18285802612258e-05,-9.68952876817252,25,1,"347",-9.68952876817252,1,"347"
"ANCASH","HUARI",1,64695,1.54571450653064e-05,-11.0709905351418,26,1,"348",-11.0709905351418,1,"348"
"ANCASH","HUARI",4,64695,6.18285802612258e-05,-9.68952876817252,27,1,"349",-9.68952876817252,1,"349"
"ANCASH","HUARI",4,64695,6.18285802612258e-05,-9.68952876817252,28,1,"350",-9.68952876817252,1,"350"
"ANCASH","HUARI",2,64695,3.09142901306129e-05,-10.3810624877388,30,1,"351",-10.3810624877388,1,"351"
"ANCASH","HUARI",3,64695,4.63714351959193e-05,-9.97667273099054,31,1,"352",-9.97667273099054,1,"352"
"ANCASH","HUARI",2,64695,3.09142901306129e-05,-10.3810624877388,34,1,"353",-10.3810624877388,1,"353"
"ANCASH","HUARI",1,64695,1.54571450653064e-05,-11.0709905351418,36,1,"354",-11.0709905351418,1,"354"
"ANCASH","HUARI",1,64695,1.54571450653064e-05,-11.0709905351418,39,1,"355",-11.0709905351418,1,"355"
"ANCASH","HUARI",3,64695,4.63714351959193e-05,-9.97667273099054,42,1,"356",-9.97667273099054,1,"356"
"ANCASH","HUARI",1,64695,1.54571450653064e-05,-11.0709905351418,43,1,"357",-11.0709905351418,1,"357"
"ANCASH","HUARI",1,64695,1.54571450653064e-05,-11.0709905351418,45,1,"358",-11.0709905351418,1,"358"
"ANCASH","HUARI",1,64695,1.54571450653064e-05,-11.0709905351418,47,1,"359",-11.0709905351418,1,"359"
"ANCASH","HUARI",5,64695,7.72857253265322e-05,-9.46670822168318,50,1,"360",-9.46670822168318,1,"360"
"ANCASH","HUARI",4,64695,6.18285802612258e-05,-9.68952876817252,51,1,"361",-9.68952876817252,1,"361"
"ANCASH","HUARI",3,64695,4.63714351959193e-05,-9.97667273099054,52,1,"362",-9.97667273099054,1,"362"
"ANCASH","HUARI",2,64695,3.09142901306129e-05,-10.3810624877388,53,1,"363",-10.3810624877388,1,"363"
"ANCASH","HUARI",2,64695,3.09142901306129e-05,-10.3810624877388,54,1,"364",-10.3810624877388,1,"364"
"ANCASH","HUARI",2,64695,3.09142901306129e-05,-10.3810624877388,55,1,"365",-10.3810624877388,1,"365"
"ANCASH","HUARI",3,64695,4.63714351959193e-05,-9.97667273099054,56,1,"366",-9.97667273099054,1,"366"
"ANCASH","HUARI",6,64695,9.27428703918386e-05,-9.284602059416,57,1,"367",-9.284602059416,1,"367"
"ANCASH","HUARI",3,64695,4.63714351959193e-05,-9.97667273099054,58,1,"368",-9.97667273099054,1,"368"
"ANCASH","HUARI",6,64695,9.27428703918386e-05,-9.284602059416,59,1,"369",-9.284602059416,1,"369"
"ANCASH","HUARI",6,64695,9.27428703918386e-05,-9.284602059416,61,1,"370",-9.284602059416,1,"370"
"ANCASH","HUARI",10,64695,0.000154571450653064,-8.77420736393794,62,1,"371",-8.77420736393794,1,"371"
"ANCASH","HUARI",5,64695,7.72857253265322e-05,-9.46670822168318,63,1,"372",-9.46670822168318,1,"372"
"ANCASH","HUARI",3,64695,4.63714351959193e-05,-9.97667273099054,64,1,"373",-9.97667273099054,1,"373"
"ANCASH","HUARI",5,64695,7.72857253265322e-05,-9.46670822168318,65,1,"374",-9.46670822168318,1,"374"
"ANCASH","HUARI",7,64695,0.000108200015457145,-9.13060526123208,66,1,"375",-9.13060526123208,1,"375"
"ANCASH","HUARI",2,64695,3.09142901306129e-05,-10.3810624877388,67,1,"376",-10.3810624877388,1,"376"
"ANCASH","HUARI",3,64695,4.63714351959193e-05,-9.97667273099054,68,1,"377",-9.97667273099054,1,"377"
"ANCASH","HUARI",2,64695,3.09142901306129e-05,-10.3810624877388,69,1,"378",-10.3810624877388,1,"378"
"ANCASH","HUARI",5,64695,7.72857253265322e-05,-9.46670822168318,70,1,"379",-9.46670822168318,1,"379"
"ANCASH","HUARI",4,64695,6.18285802612258e-05,-9.68952876817252,71,1,"380",-9.68952876817252,1,"380"
"ANCASH","HUARI",1,64695,1.54571450653064e-05,-11.0709905351418,72,1,"381",-11.0709905351418,1,"381"
"ANCASH","HUARI",1,64695,1.54571450653064e-05,-11.0709905351418,73,1,"382",-11.0709905351418,1,"382"
"ANCASH","HUARI",1,64695,1.54571450653064e-05,-11.0709905351418,74,1,"383",-11.0709905351418,1,"383"
"ANCASH","HUARI",2,64695,3.09142901306129e-05,-10.3810624877388,75,1,"384",-10.3810624877388,1,"384"
"ANCASH","HUARI",1,64695,1.54571450653064e-05,-11.0709905351418,82,1,"385",-11.0709905351418,1,"385"
"ANCASH","HUARI",1,64695,1.54571450653064e-05,-11.0709905351418,83,1,"386",-11.0709905351418,1,"386"
"ANCASH","HUARI",1,64695,1.54571450653064e-05,-11.0709905351418,84,1,"387",-11.0709905351418,1,"387"
"ANCASH","HUARMEY",0,32734,0,-16.1180956509583,5,1,"388",-16.1180956509583,1,"388"
"ANCASH","HUARMEY",0,32734,0,-16.1180956509583,6,1,"389",-16.1180956509583,1,"389"
"ANCASH","HUARMEY",0,32734,0,-16.1180956509583,7,1,"390",-16.1180956509583,1,"390"
"ANCASH","HUARMEY",2,32734,6.10985519643184e-05,-9.70138702943966,8,1,"391",-9.70138702943966,1,"391"
"ANCASH","HUARMEY",1,32734,3.05492759821592e-05,-10.3929015179766,10,1,"392",-10.3929015179766,1,"392"
"ANCASH","HUARMEY",2,32734,6.10985519643184e-05,-9.70138702943966,11,1,"393",-9.70138702943966,1,"393"
"ANCASH","HUARMEY",1,32734,3.05492759821592e-05,-10.3929015179766,14,1,"394",-10.3929015179766,1,"394"
"ANCASH","HUARMEY",2,32734,6.10985519643184e-05,-9.70138702943966,18,1,"395",-9.70138702943966,1,"395"
"ANCASH","HUARMEY",4,32734,0.000122197103928637,-9.00905719561173,19,1,"396",-9.00905719561173,1,"396"
"ANCASH","HUARMEY",3,32734,9.16478279464777e-05,-9.29646674491769,20,1,"397",-9.29646674491769,1,"397"
"ANCASH","HUARMEY",6,32734,0.000183295655892955,-8.60386468493849,21,1,"398",-8.60386468493849,1,"398"
"ANCASH","HUARMEY",3,32734,9.16478279464777e-05,-9.29646674491769,22,1,"399",-9.29646674491769,1,"399"
"ANCASH","HUARMEY",3,32734,9.16478279464777e-05,-9.29646674491769,23,1,"400",-9.29646674491769,1,"400"
"ANCASH","HUARMEY",4,32734,0.000122197103928637,-9.00905719561173,24,1,"401",-9.00905719561173,1,"401"
"ANCASH","HUARMEY",5,32734,0.000152746379910796,-8.78607719384119,25,1,"402",-8.78607719384119,1,"402"
"ANCASH","HUARMEY",6,32734,0.000183295655892955,-8.60386468493849,26,1,"403",-8.60386468493849,1,"403"
"ANCASH","HUARMEY",6,32734,0.000183295655892955,-8.60386468493849,27,1,"404",-8.60386468493849,1,"404"
"ANCASH","HUARMEY",7,32734,0.000213844931875115,-8.44979190374325,28,1,"405",-8.44979190374325,1,"405"
"ANCASH","HUARMEY",2,32734,6.10985519643184e-05,-9.70138702943966,29,1,"406",-9.70138702943966,1,"406"
"ANCASH","HUARMEY",1,32734,3.05492759821592e-05,-10.3929015179766,31,1,"407",-10.3929015179766,1,"407"
"ANCASH","HUARMEY",2,32734,6.10985519643184e-05,-9.70138702943966,32,1,"408",-9.70138702943966,1,"408"
"ANCASH","HUARMEY",2,32734,6.10985519643184e-05,-9.70138702943966,33,1,"409",-9.70138702943966,1,"409"
"ANCASH","HUARMEY",3,32734,9.16478279464777e-05,-9.29646674491769,35,1,"410",-9.29646674491769,1,"410"
"ANCASH","HUARMEY",2,32734,6.10985519643184e-05,-9.70138702943966,37,1,"411",-9.70138702943966,1,"411"
"ANCASH","HUARMEY",4,32734,0.000122197103928637,-9.00905719561173,45,1,"412",-9.00905719561173,1,"412"
"ANCASH","HUARMEY",3,32734,9.16478279464777e-05,-9.29646674491769,47,1,"413",-9.29646674491769,1,"413"
"ANCASH","HUARMEY",1,32734,3.05492759821592e-05,-10.3929015179766,48,1,"414",-10.3929015179766,1,"414"
"ANCASH","HUARMEY",2,32734,6.10985519643184e-05,-9.70138702943966,49,1,"415",-9.70138702943966,1,"415"
"ANCASH","HUARMEY",5,32734,0.000152746379910796,-8.78607719384119,50,1,"416",-8.78607719384119,1,"416"
"ANCASH","HUARMEY",1,32734,3.05492759821592e-05,-10.3929015179766,51,1,"417",-10.3929015179766,1,"417"
"ANCASH","HUARMEY",3,32734,9.16478279464777e-05,-9.29646674491769,52,1,"418",-9.29646674491769,1,"418"
"ANCASH","HUARMEY",2,32734,6.10985519643184e-05,-9.70138702943966,53,1,"419",-9.70138702943966,1,"419"
"ANCASH","HUARMEY",4,32734,0.000122197103928637,-9.00905719561173,54,1,"420",-9.00905719561173,1,"420"
"ANCASH","HUARMEY",9,32734,0.000274943483839433,-8.19858134974535,55,1,"421",-8.19858134974535,1,"421"
"ANCASH","HUARMEY",8,32734,0.000244394207857274,-8.31631893907526,56,1,"422",-8.31631893907526,1,"422"
"ANCASH","HUARMEY",3,32734,9.16478279464777e-05,-9.29646674491769,57,1,"423",-9.29646674491769,1,"423"
"ANCASH","HUARMEY",12,32734,0.000366591311785911,-7.9109901761431,58,1,"424",-7.9109901761431,1,"424"
"ANCASH","HUARMEY",9,32734,0.000274943483839433,-8.19858134974535,59,1,"425",-8.19858134974535,1,"425"
"ANCASH","HUARMEY",9,32734,0.000274943483839433,-8.19858134974535,60,1,"426",-8.19858134974535,1,"426"
"ANCASH","HUARMEY",14,32734,0.000427689863750229,-7.75687845549516,61,1,"427",-7.75687845549516,1,"427"
"ANCASH","HUARMEY",15,32734,0.000458239139732388,-7.68790116810493,62,1,"428",-7.68790116810493,1,"428"
"ANCASH","HUARMEY",11,32734,0.000336042035803751,-7.99797676171796,63,1,"429",-7.99797676171796,1,"429"
"ANCASH","HUARMEY",8,32734,0.000244394207857274,-8.31631893907526,64,1,"430",-8.31631893907526,1,"430"
"ANCASH","HUARMEY",4,32734,0.000122197103928637,-9.00905719561173,65,1,"431",-9.00905719561173,1,"431"
"ANCASH","HUARMEY",4,32734,0.000122197103928637,-9.00905719561173,66,1,"432",-9.00905719561173,1,"432"
"ANCASH","HUARMEY",9,32734,0.000274943483839433,-8.19858134974535,67,1,"433",-8.19858134974535,1,"433"
"ANCASH","HUARMEY",2,32734,6.10985519643184e-05,-9.70138702943966,68,1,"434",-9.70138702943966,1,"434"
"ANCASH","HUARMEY",3,32734,9.16478279464777e-05,-9.29646674491769,69,1,"435",-9.29646674491769,1,"435"
"ANCASH","HUARMEY",1,32734,3.05492759821592e-05,-10.3929015179766,71,1,"436",-10.3929015179766,1,"436"
"ANCASH","HUARMEY",1,32734,3.05492759821592e-05,-10.3929015179766,72,1,"437",-10.3929015179766,1,"437"
"ANCASH","HUARMEY",1,32734,3.05492759821592e-05,-10.3929015179766,78,1,"438",-10.3929015179766,1,"438"
"ANCASH","HUARMEY",1,32734,3.05492759821592e-05,-10.3929015179766,82,1,"439",-10.3929015179766,1,"439"
"ANCASH","HUARMEY",1,32734,3.05492759821592e-05,-10.3929015179766,83,1,"440",-10.3929015179766,1,"440"
"ANCASH","HUARMEY",1,32734,3.05492759821592e-05,-10.3929015179766,85,1,"441",-10.3929015179766,1,"441"
"ANCASH","HUARMEY",1,32734,3.05492759821592e-05,-10.3929015179766,86,1,"442",-10.3929015179766,1,"442"
"ANCASH","HUAYLAS",0,57148,0,-16.1180956509583,12,1,"443",-16.1180956509583,1,"443"
"ANCASH","HUAYLAS",0,57148,0,-16.1180956509583,13,1,"444",-16.1180956509583,1,"444"
"ANCASH","HUAYLAS",0,57148,0,-16.1180956509583,14,1,"445",-16.1180956509583,1,"445"
"ANCASH","HUAYLAS",1,57148,1.74984251417372e-05,-10.9477011405069,15,1,"446",-10.9477011405069,1,"446"
"ANCASH","HUAYLAS",3,57148,5.24952754252117e-05,-9.85288426306821,16,1,"447",-9.85288426306821,1,"447"
"ANCASH","HUAYLAS",2,57148,3.49968502834745e-05,-10.2573991670325,17,1,"448",-10.2573991670325,1,"448"
"ANCASH","HUAYLAS",1,57148,1.74984251417372e-05,-10.9477011405069,18,1,"449",-10.9477011405069,1,"449"
"ANCASH","HUAYLAS",4,57148,6.9993700566949e-05,-9.56567763148596,21,1,"450",-9.56567763148596,1,"450"
"ANCASH","HUAYLAS",1,57148,1.74984251417372e-05,-10.9477011405069,22,1,"451",-10.9477011405069,1,"451"
"ANCASH","HUAYLAS",6,57148,0.000104990550850423,-9.16068819039888,23,1,"452",-9.16068819039888,1,"452"
"ANCASH","HUAYLAS",3,57148,5.24952754252117e-05,-9.85288426306821,24,1,"453",-9.85288426306821,1,"453"
"ANCASH","HUAYLAS",7,57148,0.000122488975992161,-9.00667345700295,25,1,"454",-9.00667345700295,1,"454"
"ANCASH","HUAYLAS",2,57148,3.49968502834745e-05,-10.2573991670325,26,1,"455",-10.2573991670325,1,"455"
"ANCASH","HUAYLAS",2,57148,3.49968502834745e-05,-10.2573991670325,27,1,"456",-10.2573991670325,1,"456"
"ANCASH","HUAYLAS",3,57148,5.24952754252117e-05,-9.85288426306821,28,1,"457",-9.85288426306821,1,"457"
"ANCASH","HUAYLAS",7,57148,0.000122488975992161,-9.00667345700295,29,1,"458",-9.00667345700295,1,"458"
"ANCASH","HUAYLAS",4,57148,6.9993700566949e-05,-9.56567763148596,30,1,"459",-9.56567763148596,1,"459"
"ANCASH","HUAYLAS",6,57148,0.000104990550850423,-9.16068819039888,31,1,"460",-9.16068819039888,1,"460"
"ANCASH","HUAYLAS",6,57148,0.000104990550850423,-9.16068819039888,32,1,"461",-9.16068819039888,1,"461"
"ANCASH","HUAYLAS",2,57148,3.49968502834745e-05,-10.2573991670325,33,1,"462",-10.2573991670325,1,"462"
"ANCASH","HUAYLAS",2,57148,3.49968502834745e-05,-10.2573991670325,34,1,"463",-10.2573991670325,1,"463"
"ANCASH","HUAYLAS",2,57148,3.49968502834745e-05,-10.2573991670325,36,1,"464",-10.2573991670325,1,"464"
"ANCASH","HUAYLAS",2,57148,3.49968502834745e-05,-10.2573991670325,37,1,"465",-10.2573991670325,1,"465"
"ANCASH","HUAYLAS",1,57148,1.74984251417372e-05,-10.9477011405069,39,1,"466",-10.9477011405069,1,"466"
"ANCASH","HUAYLAS",2,57148,3.49968502834745e-05,-10.2573991670325,44,1,"467",-10.2573991670325,1,"467"
"ANCASH","HUAYLAS",2,57148,3.49968502834745e-05,-10.2573991670325,45,1,"468",-10.2573991670325,1,"468"
"ANCASH","HUAYLAS",1,57148,1.74984251417372e-05,-10.9477011405069,46,1,"469",-10.9477011405069,1,"469"
"ANCASH","HUAYLAS",2,57148,3.49968502834745e-05,-10.2573991670325,48,1,"470",-10.2573991670325,1,"470"
"ANCASH","HUAYLAS",5,57148,8.74921257086862e-05,-9.34281945323245,51,1,"471",-9.34281945323245,1,"471"
"ANCASH","HUAYLAS",4,57148,6.9993700566949e-05,-9.56567763148596,52,1,"472",-9.56567763148596,1,"472"
"ANCASH","HUAYLAS",4,57148,6.9993700566949e-05,-9.56567763148596,54,1,"473",-9.56567763148596,1,"473"
"ANCASH","HUAYLAS",7,57148,0.000122488975992161,-9.00667345700295,55,1,"474",-9.00667345700295,1,"474"
"ANCASH","HUAYLAS",9,57148,0.000157485826275635,-8.75554031938414,56,1,"475",-8.75554031938414,1,"475"
"ANCASH","HUAYLAS",9,57148,0.000157485826275635,-8.75554031938414,57,1,"476",-8.75554031938414,1,"476"
"ANCASH","HUAYLAS",9,57148,0.000157485826275635,-8.75554031938414,58,1,"477",-8.75554031938414,1,"477"
"ANCASH","HUAYLAS",11,57148,0.00019248267655911,-8.55498500782152,59,1,"478",-8.55498500782152,1,"478"
"ANCASH","HUAYLAS",10,57148,0.000174984251417372,-8.65024326322351,60,1,"479",-8.65024326322351,1,"479"
"ANCASH","HUAYLAS",11,57148,0.00019248267655911,-8.55498500782152,61,1,"480",-8.55498500782152,1,"480"
"ANCASH","HUAYLAS",12,57148,0.000209981101700847,-8.46801690322682,62,1,"481",-8.46801690322682,1,"481"
"ANCASH","HUAYLAS",13,57148,0.000227479526842584,-8.38801081211928,63,1,"482",-8.38801081211928,1,"482"
"ANCASH","HUAYLAS",4,57148,6.9993700566949e-05,-9.56567763148596,64,1,"483",-9.56567763148596,1,"483"
"ANCASH","HUAYLAS",1,57148,1.74984251417372e-05,-10.9477011405069,65,1,"484",-10.9477011405069,1,"484"
"ANCASH","HUAYLAS",4,57148,6.9993700566949e-05,-9.56567763148596,66,1,"485",-9.56567763148596,1,"485"
"ANCASH","HUAYLAS",4,57148,6.9993700566949e-05,-9.56567763148596,67,1,"486",-9.56567763148596,1,"486"
"ANCASH","HUAYLAS",6,57148,0.000104990550850423,-9.16068819039888,68,1,"487",-9.16068819039888,1,"487"
"ANCASH","HUAYLAS",1,57148,1.74984251417372e-05,-10.9477011405069,69,1,"488",-10.9477011405069,1,"488"
"ANCASH","HUAYLAS",4,57148,6.9993700566949e-05,-9.56567763148596,70,1,"489",-9.56567763148596,1,"489"
"ANCASH","HUAYLAS",1,57148,1.74984251417372e-05,-10.9477011405069,71,1,"490",-10.9477011405069,1,"490"
"ANCASH","HUAYLAS",2,57148,3.49968502834745e-05,-10.2573991670325,72,1,"491",-10.2573991670325,1,"491"
"ANCASH","HUAYLAS",1,57148,1.74984251417372e-05,-10.9477011405069,74,1,"492",-10.9477011405069,1,"492"
"ANCASH","HUAYLAS",1,57148,1.74984251417372e-05,-10.9477011405069,76,1,"493",-10.9477011405069,1,"493"
"ANCASH","HUAYLAS",2,57148,3.49968502834745e-05,-10.2573991670325,78,1,"494",-10.2573991670325,1,"494"
"ANCASH","HUAYLAS",1,57148,1.74984251417372e-05,-10.9477011405069,80,1,"495",-10.9477011405069,1,"495"
"ANCASH","HUAYLAS",5,57148,8.74921257086862e-05,-9.34281945323245,81,1,"496",-9.34281945323245,1,"496"
"ANCASH","HUAYLAS",1,57148,1.74984251417372e-05,-10.9477011405069,82,1,"497",-10.9477011405069,1,"497"
"ANCASH","HUAYLAS",1,57148,1.74984251417372e-05,-10.9477011405069,85,1,"498",-10.9477011405069,1,"498"
"ANCASH","MARISCAL LUZURIAGA",0,22408,0,-16.1180956509583,9,1,"499",-16.1180956509583,1,"499"
"ANCASH","MARISCAL LUZURIAGA",0,22408,0,-16.1180956509583,10,1,"500",-16.1180956509583,1,"500"
"ANCASH","MARISCAL LUZURIAGA",0,22408,0,-16.1180956509583,11,1,"501",-16.1180956509583,1,"501"
"ANCASH","MARISCAL LUZURIAGA",1,22408,4.46269189575152e-05,-10.0149350237881,12,1,"502",-10.0149350237881,1,"502"
"ANCASH","MARISCAL LUZURIAGA",1,22408,4.46269189575152e-05,-10.0149350237881,13,1,"503",-10.0149350237881,1,"503"
"ANCASH","MARISCAL LUZURIAGA",1,22408,4.46269189575152e-05,-10.0149350237881,15,1,"504",-10.0149350237881,1,"504"
"ANCASH","MARISCAL LUZURIAGA",1,22408,4.46269189575152e-05,-10.0149350237881,22,1,"505",-10.0149350237881,1,"505"
"ANCASH","MARISCAL LUZURIAGA",1,22408,4.46269189575152e-05,-10.0149350237881,25,1,"506",-10.0149350237881,1,"506"
"ANCASH","MARISCAL LUZURIAGA",2,22408,8.92538379150304e-05,-9.32290636355966,31,1,"507",-9.32290636355966,1,"507"
"ANCASH","MARISCAL LUZURIAGA",1,22408,4.46269189575152e-05,-10.0149350237881,32,1,"508",-10.0149350237881,1,"508"
"ANCASH","MARISCAL LUZURIAGA",1,22408,4.46269189575152e-05,-10.0149350237881,41,1,"509",-10.0149350237881,1,"509"
"ANCASH","MARISCAL LUZURIAGA",2,22408,8.92538379150304e-05,-9.32290636355966,48,1,"510",-9.32290636355966,1,"510"
"ANCASH","MARISCAL LUZURIAGA",3,22408,0.000133880756872546,-8.91781437375437,49,1,"511",-8.91781437375437,1,"511"
"ANCASH","MARISCAL LUZURIAGA",2,22408,8.92538379150304e-05,-9.32290636355966,52,1,"512",-9.32290636355966,1,"512"
"ANCASH","MARISCAL LUZURIAGA",1,22408,4.46269189575152e-05,-10.0149350237881,54,1,"513",-10.0149350237881,1,"513"
"ANCASH","MARISCAL LUZURIAGA",2,22408,8.92538379150304e-05,-9.32290636355966,59,1,"514",-9.32290636355966,1,"514"
"ANCASH","MARISCAL LUZURIAGA",1,22408,4.46269189575152e-05,-10.0149350237881,60,1,"515",-10.0149350237881,1,"515"
"ANCASH","MARISCAL LUZURIAGA",3,22408,0.000133880756872546,-8.91781437375437,61,1,"516",-8.91781437375437,1,"516"
"ANCASH","MARISCAL LUZURIAGA",1,22408,4.46269189575152e-05,-10.0149350237881,62,1,"517",-10.0149350237881,1,"517"
"ANCASH","MARISCAL LUZURIAGA",5,22408,0.000223134594787576,-8.40728734489954,63,1,"518",-8.40728734489954,1,"518"
"ANCASH","MARISCAL LUZURIAGA",2,22408,8.92538379150304e-05,-9.32290636355966,64,1,"519",-9.32290636355966,1,"519"
"ANCASH","MARISCAL LUZURIAGA",2,22408,8.92538379150304e-05,-9.32290636355966,65,1,"520",-9.32290636355966,1,"520"
"ANCASH","MARISCAL LUZURIAGA",1,22408,4.46269189575152e-05,-10.0149350237881,66,1,"521",-10.0149350237881,1,"521"
"ANCASH","MARISCAL LUZURIAGA",1,22408,4.46269189575152e-05,-10.0149350237881,67,1,"522",-10.0149350237881,1,"522"
"ANCASH","MARISCAL LUZURIAGA",1,22408,4.46269189575152e-05,-10.0149350237881,68,1,"523",-10.0149350237881,1,"523"
"ANCASH","MARISCAL LUZURIAGA",2,22408,8.92538379150304e-05,-9.32290636355966,69,1,"524",-9.32290636355966,1,"524"
"ANCASH","MARISCAL LUZURIAGA",1,22408,4.46269189575152e-05,-10.0149350237881,72,1,"525",-10.0149350237881,1,"525"
"ANCASH","MARISCAL LUZURIAGA",3,22408,0.000133880756872546,-8.91781437375437,74,1,"526",-8.91781437375437,1,"526"
"ANCASH","MARISCAL LUZURIAGA",1,22408,4.46269189575152e-05,-10.0149350237881,80,1,"527",-10.0149350237881,1,"527"
"ANCASH","OCROS",0,7579,0,-16.1180956509583,9,1,"528",-16.1180956509583,1,"528"
"ANCASH","OCROS",0,7579,0,-16.1180956509583,10,1,"529",-16.1180956509583,1,"529"
"ANCASH","OCROS",0,7579,0,-16.1180956509583,11,1,"530",-16.1180956509583,1,"530"
"ANCASH","OCROS",1,7579,0.000131943528169943,-8.9323789308732,12,1,"531",-8.9323789308732,1,"531"
"ANCASH","OCROS",1,7579,0.000131943528169943,-8.9323789308732,20,1,"532",-8.9323789308732,1,"532"
"ANCASH","OCROS",2,7579,0.000263887056339887,-8.2396104850355,21,1,"533",-8.2396104850355,1,"533"
"ANCASH","OCROS",1,7579,0.000131943528169943,-8.9323789308732,23,1,"534",-8.9323789308732,1,"534"
"ANCASH","OCROS",1,7579,0.000131943528169943,-8.9323789308732,24,1,"535",-8.9323789308732,1,"535"
"ANCASH","OCROS",1,7579,0.000131943528169943,-8.9323789308732,31,1,"536",-8.9323789308732,1,"536"
"ANCASH","OCROS",1,7579,0.000131943528169943,-8.9323789308732,38,1,"537",-8.9323789308732,1,"537"
"ANCASH","OCROS",2,7579,0.000263887056339887,-8.2396104850355,49,1,"538",-8.2396104850355,1,"538"
"ANCASH","OCROS",2,7579,0.000263887056339887,-8.2396104850355,53,1,"539",-8.2396104850355,1,"539"
"ANCASH","OCROS",1,7579,0.000131943528169943,-8.9323789308732,55,1,"540",-8.9323789308732,1,"540"
"ANCASH","OCROS",1,7579,0.000131943528169943,-8.9323789308732,58,1,"541",-8.9323789308732,1,"541"
"ANCASH","OCROS",1,7579,0.000131943528169943,-8.9323789308732,60,1,"542",-8.9323789308732,1,"542"
"ANCASH","OCROS",3,7579,0.00039583058450983,-7.83427165371701,63,1,"543",-7.83427165371701,1,"543"
"ANCASH","OCROS",1,7579,0.000131943528169943,-8.9323789308732,66,1,"544",-8.9323789308732,1,"544"
"ANCASH","OCROS",2,7579,0.000263887056339887,-8.2396104850355,67,1,"545",-8.2396104850355,1,"545"
"ANCASH","OCROS",1,7579,0.000131943528169943,-8.9323789308732,86,1,"546",-8.9323789308732,1,"546"
"ANCASH","PALLASCA",0,25713,0,-16.1180956509583,9,1,"547",-16.1180956509583,1,"547"
"ANCASH","PALLASCA",0,25713,0,-16.1180956509583,10,1,"548",-16.1180956509583,1,"548"
"ANCASH","PALLASCA",0,25713,0,-16.1180956509583,11,1,"549",-16.1180956509583,1,"549"
"ANCASH","PALLASCA",1,25713,3.88908334305604e-05,-10.152183979703,12,1,"550",-10.152183979703,1,"550"
"ANCASH","PALLASCA",1,25713,3.88908334305604e-05,-10.152183979703,14,1,"551",-10.152183979703,1,"551"
"ANCASH","PALLASCA",1,25713,3.88908334305604e-05,-10.152183979703,16,1,"552",-10.152183979703,1,"552"
"ANCASH","PALLASCA",1,25713,3.88908334305604e-05,-10.152183979703,18,1,"553",-10.152183979703,1,"553"
"ANCASH","PALLASCA",1,25713,3.88908334305604e-05,-10.152183979703,21,1,"554",-10.152183979703,1,"554"
"ANCASH","PALLASCA",1,25713,3.88908334305604e-05,-10.152183979703,25,1,"555",-10.152183979703,1,"555"
"ANCASH","PALLASCA",2,25713,7.77816668611208e-05,-9.46031997474734,27,1,"556",-9.46031997474734,1,"556"
"ANCASH","PALLASCA",1,25713,3.88908334305604e-05,-10.152183979703,28,1,"557",-10.152183979703,1,"557"
"ANCASH","PALLASCA",1,25713,3.88908334305604e-05,-10.152183979703,29,1,"558",-10.152183979703,1,"558"
"ANCASH","PALLASCA",1,25713,3.88908334305604e-05,-10.152183979703,30,1,"559",-10.152183979703,1,"559"
"ANCASH","PALLASCA",1,25713,3.88908334305604e-05,-10.152183979703,40,1,"560",-10.152183979703,1,"560"
"ANCASH","PALLASCA",1,25713,3.88908334305604e-05,-10.152183979703,46,1,"561",-10.152183979703,1,"561"
"ANCASH","PALLASCA",1,25713,3.88908334305604e-05,-10.152183979703,48,1,"562",-10.152183979703,1,"562"
"ANCASH","PALLASCA",1,25713,3.88908334305604e-05,-10.152183979703,50,1,"563",-10.152183979703,1,"563"
"ANCASH","PALLASCA",1,25713,3.88908334305604e-05,-10.152183979703,51,1,"564",-10.152183979703,1,"564"
"ANCASH","PALLASCA",1,25713,3.88908334305604e-05,-10.152183979703,52,1,"565",-10.152183979703,1,"565"
"ANCASH","PALLASCA",1,25713,3.88908334305604e-05,-10.152183979703,54,1,"566",-10.152183979703,1,"566"
"ANCASH","PALLASCA",4,25713,0.000155563333722242,-8.76781499997059,55,1,"567",-8.76781499997059,1,"567"
"ANCASH","PALLASCA",3,25713,0.000116672500291681,-9.05528295799934,56,1,"568",-9.05528295799934,1,"568"
"ANCASH","PALLASCA",1,25713,3.88908334305604e-05,-10.152183979703,57,1,"569",-10.152183979703,1,"569"
"ANCASH","PALLASCA",2,25713,7.77816668611208e-05,-9.46031997474734,58,1,"570",-9.46031997474734,1,"570"
"ANCASH","PALLASCA",5,25713,0.000194454167152802,-8.54479993931925,59,1,"571",-8.54479993931925,1,"571"
"ANCASH","PALLASCA",8,25713,0.000311126667444483,-8.07498907702909,61,1,"572",-8.07498907702909,1,"572"
"ANCASH","PALLASCA",6,25713,0.000233345000583362,-8.36256405214026,62,1,"573",-8.36256405214026,1,"573"
"ANCASH","PALLASCA",4,25713,0.000155563333722242,-8.76781499997059,63,1,"574",-8.76781499997059,1,"574"
"ANCASH","PALLASCA",3,25713,0.000116672500291681,-9.05528295799934,64,1,"575",-9.05528295799934,1,"575"
"ANCASH","PALLASCA",3,25713,0.000116672500291681,-9.05528295799934,66,1,"576",-9.05528295799934,1,"576"
"ANCASH","PALLASCA",1,25713,3.88908334305604e-05,-10.152183979703,68,1,"577",-10.152183979703,1,"577"
"ANCASH","PALLASCA",2,25713,7.77816668611208e-05,-9.46031997474734,70,1,"578",-9.46031997474734,1,"578"
"ANCASH","PALLASCA",1,25713,3.88908334305604e-05,-10.152183979703,73,1,"579",-10.152183979703,1,"579"
"ANCASH","PALLASCA",1,25713,3.88908334305604e-05,-10.152183979703,80,1,"580",-10.152183979703,1,"580"
"ANCASH","PALLASCA",1,25713,3.88908334305604e-05,-10.152183979703,82,1,"581",-10.152183979703,1,"581"
"ANCASH","POMABAMBA",0,27375,0,-16.1180956509583,7,1,"582",-16.1180956509583,1,"582"
"ANCASH","POMABAMBA",0,27375,0,-16.1180956509583,8,1,"583",-16.1180956509583,1,"583"
"ANCASH","POMABAMBA",0,27375,0,-16.1180956509583,9,1,"584",-16.1180956509583,1,"584"
"ANCASH","POMABAMBA",1,27375,3.65296803652968e-05,-10.2146517072477,10,1,"585",-10.2146517072477,1,"585"
"ANCASH","POMABAMBA",1,27375,3.65296803652968e-05,-10.2146517072477,16,1,"586",-10.2146517072477,1,"586"
"ANCASH","POMABAMBA",2,27375,7.30593607305936e-05,-9.52287047244324,18,1,"587",-9.52287047244324,1,"587"
"ANCASH","POMABAMBA",1,27375,3.65296803652968e-05,-10.2146517072477,24,1,"588",-10.2146517072477,1,"588"
"ANCASH","POMABAMBA",1,27375,3.65296803652968e-05,-10.2146517072477,25,1,"589",-10.2146517072477,1,"589"
"ANCASH","POMABAMBA",1,27375,3.65296803652968e-05,-10.2146517072477,29,1,"590",-10.2146517072477,1,"590"
"ANCASH","POMABAMBA",1,27375,3.65296803652968e-05,-10.2146517072477,30,1,"591",-10.2146517072477,1,"591"
"ANCASH","POMABAMBA",3,27375,0.00010958904109589,-9.11786109452572,31,1,"592",-9.11786109452572,1,"592"
"ANCASH","POMABAMBA",1,27375,3.65296803652968e-05,-10.2146517072477,32,1,"593",-10.2146517072477,1,"593"
"ANCASH","POMABAMBA",2,27375,7.30593607305936e-05,-9.52287047244324,35,1,"594",-9.52287047244324,1,"594"
"ANCASH","POMABAMBA",1,27375,3.65296803652968e-05,-10.2146517072477,37,1,"595",-10.2146517072477,1,"595"
"ANCASH","POMABAMBA",1,27375,3.65296803652968e-05,-10.2146517072477,46,1,"596",-10.2146517072477,1,"596"
"ANCASH","POMABAMBA",1,27375,3.65296803652968e-05,-10.2146517072477,47,1,"597",-10.2146517072477,1,"597"
"ANCASH","POMABAMBA",1,27375,3.65296803652968e-05,-10.2146517072477,48,1,"598",-10.2146517072477,1,"598"
"ANCASH","POMABAMBA",1,27375,3.65296803652968e-05,-10.2146517072477,50,1,"599",-10.2146517072477,1,"599"
"ANCASH","POMABAMBA",1,27375,3.65296803652968e-05,-10.2146517072477,51,1,"600",-10.2146517072477,1,"600"
"ANCASH","POMABAMBA",1,27375,3.65296803652968e-05,-10.2146517072477,52,1,"601",-10.2146517072477,1,"601"
"ANCASH","POMABAMBA",2,27375,7.30593607305936e-05,-9.52287047244324,53,1,"602",-9.52287047244324,1,"602"
"ANCASH","POMABAMBA",3,27375,0.00010958904109589,-9.11786109452572,54,1,"603",-9.11786109452572,1,"603"
"ANCASH","POMABAMBA",1,27375,3.65296803652968e-05,-10.2146517072477,55,1,"604",-10.2146517072477,1,"604"
"ANCASH","POMABAMBA",1,27375,3.65296803652968e-05,-10.2146517072477,58,1,"605",-10.2146517072477,1,"605"
"ANCASH","POMABAMBA",2,27375,7.30593607305936e-05,-9.52287047244324,59,1,"606",-9.52287047244324,1,"606"
"ANCASH","POMABAMBA",3,27375,0.00010958904109589,-9.11786109452572,61,1,"607",-9.11786109452572,1,"607"
"ANCASH","POMABAMBA",5,27375,0.000182648401826484,-8.60740020450814,62,1,"608",-8.60740020450814,1,"608"
"ANCASH","POMABAMBA",8,27375,0.000292237442922374,-8.13760179647176,63,1,"609",-8.13760179647176,1,"609"
"ANCASH","POMABAMBA",4,27375,0.000146118721461187,-8.83040696507669,64,1,"610",-8.83040696507669,1,"610"
"ANCASH","POMABAMBA",2,27375,7.30593607305936e-05,-9.52287047244324,65,1,"611",-9.52287047244324,1,"611"
"ANCASH","POMABAMBA",1,27375,3.65296803652968e-05,-10.2146517072477,66,1,"612",-10.2146517072477,1,"612"
"ANCASH","POMABAMBA",3,27375,0.00010958904109589,-9.11786109452572,67,1,"613",-9.11786109452572,1,"613"
"ANCASH","POMABAMBA",2,27375,7.30593607305936e-05,-9.52287047244324,68,1,"614",-9.52287047244324,1,"614"
"ANCASH","POMABAMBA",4,27375,0.000146118721461187,-8.83040696507669,69,1,"615",-8.83040696507669,1,"615"
"ANCASH","POMABAMBA",2,27375,7.30593607305936e-05,-9.52287047244324,70,1,"616",-9.52287047244324,1,"616"
"ANCASH","POMABAMBA",2,27375,7.30593607305936e-05,-9.52287047244324,71,1,"617",-9.52287047244324,1,"617"
"ANCASH","POMABAMBA",2,27375,7.30593607305936e-05,-9.52287047244324,72,1,"618",-9.52287047244324,1,"618"
"ANCASH","POMABAMBA",5,27375,0.000182648401826484,-8.60740020450814,73,1,"619",-8.60740020450814,1,"619"
"ANCASH","POMABAMBA",1,27375,3.65296803652968e-05,-10.2146517072477,75,1,"620",-10.2146517072477,1,"620"
"ANCASH","POMABAMBA",1,27375,3.65296803652968e-05,-10.2146517072477,76,1,"621",-10.2146517072477,1,"621"
"ANCASH","POMABAMBA",1,27375,3.65296803652968e-05,-10.2146517072477,78,1,"622",-10.2146517072477,1,"622"
"ANCASH","POMABAMBA",1,27375,3.65296803652968e-05,-10.2146517072477,85,1,"623",-10.2146517072477,1,"623"
"ANCASH","RECUAY",0,18492,0,-16.1180956509583,9,1,"624",-16.1180956509583,1,"624"
"ANCASH","RECUAY",0,18492,0,-16.1180956509583,10,1,"625",-16.1180956509583,1,"625"
"ANCASH","RECUAY",0,18492,0,-16.1180956509583,11,1,"626",-16.1180956509583,1,"626"
"ANCASH","RECUAY",1,18492,5.40774388924941e-05,-9.82324599277355,12,1,"627",-9.82324599277355,1,"627"
"ANCASH","RECUAY",1,18492,5.40774388924941e-05,-9.82324599277355,16,1,"628",-9.82324599277355,1,"628"
"ANCASH","RECUAY",2,18492,0.000108154877784988,-9.13102213172746,17,1,"629",-9.13102213172746,1,"629"
"ANCASH","RECUAY",1,18492,5.40774388924941e-05,-9.82324599277355,22,1,"630",-9.82324599277355,1,"630"
"ANCASH","RECUAY",1,18492,5.40774388924941e-05,-9.82324599277355,23,1,"631",-9.82324599277355,1,"631"
"ANCASH","RECUAY",3,18492,0.000162232316677482,-8.72586498633646,26,1,"632",-8.72586498633646,1,"632"
"ANCASH","RECUAY",2,18492,0.000108154877784988,-9.13102213172746,27,1,"633",-9.13102213172746,1,"633"
"ANCASH","RECUAY",2,18492,0.000108154877784988,-9.13102213172746,29,1,"634",-9.13102213172746,1,"634"
"ANCASH","RECUAY",3,18492,0.000162232316677482,-8.72586498633646,30,1,"635",-8.72586498633646,1,"635"
"ANCASH","RECUAY",1,18492,5.40774388924941e-05,-9.82324599277355,33,1,"636",-9.82324599277355,1,"636"
"ANCASH","RECUAY",1,18492,5.40774388924941e-05,-9.82324599277355,34,1,"637",-9.82324599277355,1,"637"
"ANCASH","RECUAY",1,18492,5.40774388924941e-05,-9.82324599277355,38,1,"638",-9.82324599277355,1,"638"
"ANCASH","RECUAY",1,18492,5.40774388924941e-05,-9.82324599277355,47,1,"639",-9.82324599277355,1,"639"
"ANCASH","RECUAY",1,18492,5.40774388924941e-05,-9.82324599277355,48,1,"640",-9.82324599277355,1,"640"
"ANCASH","RECUAY",1,18492,5.40774388924941e-05,-9.82324599277355,49,1,"641",-9.82324599277355,1,"641"
"ANCASH","RECUAY",1,18492,5.40774388924941e-05,-9.82324599277355,51,1,"642",-9.82324599277355,1,"642"
"ANCASH","RECUAY",2,18492,0.000108154877784988,-9.13102213172746,53,1,"643",-9.13102213172746,1,"643"
"ANCASH","RECUAY",1,18492,5.40774388924941e-05,-9.82324599277355,55,1,"644",-9.82324599277355,1,"644"
"ANCASH","RECUAY",1,18492,5.40774388924941e-05,-9.82324599277355,56,1,"645",-9.82324599277355,1,"645"
"ANCASH","RECUAY",4,18492,0.000216309755569976,-8.43833693081595,57,1,"646",-8.43833693081595,1,"646"
"ANCASH","RECUAY",6,18492,0.000324464633354964,-8.03302586336392,58,1,"647",-8.03302586336392,1,"647"
"ANCASH","RECUAY",4,18492,0.000216309755569976,-8.43833693081595,59,1,"648",-8.43833693081595,1,"648"
"ANCASH","RECUAY",8,18492,0.000432619511139952,-7.74542082013933,60,1,"649",-7.74542082013933,1,"649"
"ANCASH","RECUAY",5,18492,0.00027038719446247,-8.21528580104797,61,1,"650",-8.21528580104797,1,"650"
"ANCASH","RECUAY",4,18492,0.000216309755569976,-8.43833693081595,62,1,"651",-8.43833693081595,1,"651"
"ANCASH","RECUAY",4,18492,0.000216309755569976,-8.43833693081595,63,1,"652",-8.43833693081595,1,"652"
"ANCASH","RECUAY",3,18492,0.000162232316677482,-8.72586498633646,64,1,"653",-8.72586498633646,1,"653"
"ANCASH","RECUAY",1,18492,5.40774388924941e-05,-9.82324599277355,65,1,"654",-9.82324599277355,1,"654"
"ANCASH","RECUAY",1,18492,5.40774388924941e-05,-9.82324599277355,67,1,"655",-9.82324599277355,1,"655"
"ANCASH","RECUAY",2,18492,0.000108154877784988,-9.13102213172746,68,1,"656",-9.13102213172746,1,"656"
"ANCASH","RECUAY",1,18492,5.40774388924941e-05,-9.82324599277355,72,1,"657",-9.82324599277355,1,"657"
"ANCASH","RECUAY",1,18492,5.40774388924941e-05,-9.82324599277355,73,1,"658",-9.82324599277355,1,"658"
"ANCASH","SANTA",0,468829,0,-16.1180956509583,3,1,"659",-16.1180956509583,1,"659"
"ANCASH","SANTA",0,468829,0,-16.1180956509583,4,1,"660",-16.1180956509583,1,"660"
"ANCASH","SANTA",0,468829,0,-16.1180956509583,5,1,"661",-16.1180956509583,1,"661"
"ANCASH","SANTA",3,468829,6.39892156841834e-06,-11.9438743073787,6,1,"662",-11.9438743073787,1,"662"
"ANCASH","SANTA",1,468829,2.13297385613945e-06,-13.0121762931285,7,1,"663",-13.0121762931285,1,"663"
"ANCASH","SANTA",7,468829,1.49308169929761e-05,-11.1054079981933,8,1,"664",-11.1054079981933,1,"664"
"ANCASH","SANTA",29,468829,6.18562418280439e-05,-9.68908219906403,9,1,"665",-9.68908219906403,1,"665"
"ANCASH","SANTA",38,468829,8.10530065332989e-05,-9.41917421560434,10,1,"666",-9.41917421560434,1,"666"
"ANCASH","SANTA",60,468829,0.000127978431368367,-8.9628677366309,11,1,"667",-8.9628677366309,1,"667"
"ANCASH","SANTA",88,468829,0.000187701699340271,-8.58012394256081,12,1,"668",-8.58012394256081,1,"668"
"ANCASH","SANTA",85,468829,0.000181302777771853,-8.61479070743547,13,1,"669",-8.61479070743547,1,"669"
"ANCASH","SANTA",106,468829,0.000226095228750781,-8.3941120875605,14,1,"670",-8.3941120875605,1,"670"
"ANCASH","SANTA",126,468829,0.00026875470587357,-8.22133945114755,15,1,"671",-8.22133945114755,1,"671"
"ANCASH","SANTA",136,468829,0.000290084444434965,-8.14499382186278,16,1,"672",-8.14499382186278,1,"672"
"ANCASH","SANTA",116,468829,0.000247424967312176,-8.30399910301438,17,1,"673",-8.30399910301438,1,"673"
"ANCASH","SANTA",92,468829,0.000196233594764829,-8.5356953314121,18,1,"674",-8.5356953314121,1,"674"
"ANCASH","SANTA",82,468829,0.000174903856203435,-8.65070254883534,19,1,"675",-8.65070254883534,1,"675"
"ANCASH","SANTA",89,468829,0.000189834673196411,-8.5688303702073,20,1,"676",-8.5688303702073,1,"676"
"ANCASH","SANTA",87,468829,0.000185568725484132,-8.59154651798311,21,1,"677",-8.59154651798311,1,"677"
"ANCASH","SANTA",69,468829,0.000147175196073622,-8.82320763921386,22,1,"678",-8.82320763921386,1,"678"
"ANCASH","SANTA",77,468829,0.000164238986922737,-8.71357927000051,23,1,"679",-8.71357927000051,1,"679"
"ANCASH","SANTA",69,468829,0.000147175196073622,-8.82320763921386,24,1,"680",-8.82320763921386,1,"680"
"ANCASH","SANTA",56,468829,0.000119446535943809,-9.0318048402739,25,1,"681",-9.0318048402739,1,"681"
"ANCASH","SANTA",46,468829,9.81167973824145e-05,-9.22833330445763,26,1,"682",-9.22833330445763,1,"682"
"ANCASH","SANTA",50,468829,0.000106648692806972,-9.14503315129846,27,1,"683",-9.14503315129846,1,"683"
"ANCASH","SANTA",42,468829,8.95849019578567e-05,-9.31920812014718,28,1,"684",-9.31920812014718,1,"684"
"ANCASH","SANTA",28,468829,5.97232679719045e-05,-9.72411587616597,29,1,"685",-9.72411587616597,1,"685"
"ANCASH","SANTA",23,468829,4.90583986912072e-05,-9.92046284720609,30,1,"686",-9.92046284720609,1,"686"
"ANCASH","SANTA",32,468829,6.82551633964622e-05,-9.59079345417337,31,1,"687",-9.59079345417337,1,"687"
"ANCASH","SANTA",17,468829,3.62605555543706e-05,-10.2220260094986,32,1,"688",-10.2220260094986,1,"688"
"ANCASH","SANTA",16,468829,3.41275816982311e-05,-10.2824787565235,33,1,"689",-10.2824787565235,1,"689"
"ANCASH","SANTA",16,468829,3.41275816982311e-05,-10.2824787565235,34,1,"690",-10.2824787565235,1,"690"
"ANCASH","SANTA",18,468829,3.839352941051e-05,-10.1650203980549,35,1,"691",-10.1650203980549,1,"691"
"ANCASH","SANTA",12,468829,2.55956862736733e-05,-10.5691874294248,36,1,"692",-10.5691874294248,1,"692"
"ANCASH","SANTA",13,468829,2.77286601298128e-05,-10.4894441284,37,1,"693",-10.4894441284,1,"693"
"ANCASH","SANTA",18,468829,3.839352941051e-05,-10.1650203980549,38,1,"694",-10.1650203980549,1,"694"
"ANCASH","SANTA",10,468829,2.13297385613945e-05,-10.7507309482082,39,1,"695",-10.7507309482082,1,"695"
"ANCASH","SANTA",15,468829,3.19946078420917e-05,-10.3468225219357,40,1,"696",-10.3468225219357,1,"696"
"ANCASH","SANTA",13,468829,2.77286601298128e-05,-10.4894441284,41,1,"697",-10.4894441284,1,"697"
"ANCASH","SANTA",19,468829,4.05265032666495e-05,-10.1110899145122,42,1,"698",-10.1110899145122,1,"698"
"ANCASH","SANTA",15,468829,3.19946078420917e-05,-10.3468225219357,43,1,"699",-10.3468225219357,1,"699"
"ANCASH","SANTA",30,468829,6.39892156841834e-05,-9.65523445024835,44,1,"700",-9.65523445024835,1,"700"
"ANCASH","SANTA",28,468829,5.97232679719045e-05,-9.72411587616597,45,1,"701",-9.72411587616597,1,"701"
"ANCASH","SANTA",34,468829,7.25211111087411e-05,-9.53025489178198,46,1,"702",-9.53025489178198,1,"702"
"ANCASH","SANTA",51,468829,0.000108781666663112,-9.12524889239884,47,1,"703",-9.12524889239884,1,"703"
"ANCASH","SANTA",50,468829,0.000106648692806972,-9.14503315129846,48,1,"704",-9.14503315129846,1,"704"
"ANCASH","SANTA",73,468829,0.000155707091498179,-8.7668919088871,49,1,"705",-8.7668919088871,1,"705"
"ANCASH","SANTA",85,468829,0.000181302777771853,-8.61479070743547,50,1,"706",-8.61479070743547,1,"706"
"ANCASH","SANTA",71,468829,0.000151441143785901,-8.79465339374042,51,1,"707",-8.79465339374042,1,"707"
"ANCASH","SANTA",74,468829,0.000157840065354319,-8.75329493010286,52,1,"708",-8.75329493010286,1,"708"
"ANCASH","SANTA",48,468829,0.000102382745094693,-9.18581611409625,53,1,"709",-9.18581611409625,1,"709"
"ANCASH","SANTA",50,468829,0.000106648692806972,-9.14503315129846,54,1,"710",-9.14503315129846,1,"710"
"ANCASH","SANTA",47,468829,0.000100249771238554,-9.20684876236026,55,1,"711",-9.20684876236026,1,"711"
"ANCASH","SANTA",47,468829,0.000100249771238554,-9.20684876236026,56,1,"712",-9.20684876236026,1,"712"
"ANCASH","SANTA",62,468829,0.000132244379080646,-8.93010310030528,57,1,"713",-8.93010310030528,1,"713"
"ANCASH","SANTA",75,468829,0.000159973039210458,-8.73988035182726,58,1,"714",-8.73988035182726,1,"714"
"ANCASH","SANTA",84,468829,0.000179169803915713,-8.62661860249121,59,1,"715",-8.62661860249121,1,"715"
"ANCASH","SANTA",125,468829,0.000266621732017431,-8.22930464521626,60,1,"716",-8.22930464521626,1,"716"
"ANCASH","SANTA",144,468829,0.00030714823528408,-8.08785455311777,61,1,"717",-8.08785455311777,1,"717"
"ANCASH","SANTA",134,468829,0.000285818496722686,-8.15980376425204,62,1,"718",-8.15980376425204,1,"718"
"ANCASH","SANTA",141,468829,0.000300749313715662,-8.10890103745171,63,1,"719",-8.10890103745171,1,"719"
"ANCASH","SANTA",129,468829,0.000275153627441988,-8.19781760373084,64,1,"720",-8.19781760373084,1,"720"
"ANCASH","SANTA",113,468829,0.000241026045743757,-8.33019074981152,65,1,"721",-8.33019074981152,1,"721"
"ANCASH","SANTA",95,468829,0.000202632516333247,-8.50362310132203,66,1,"722",-8.50362310132203,1,"722"
"ANCASH","SANTA",71,468829,0.000151441143785901,-8.79465339374042,67,1,"723",-8.79465339374042,1,"723"
"ANCASH","SANTA",53,468829,0.000113047614375391,-9.08681726984194,68,1,"724",-9.08681726984194,1,"724"
"ANCASH","SANTA",37,468829,7.89200326771595e-05,-9.44580915945088,69,1,"725",-9.44580915945088,1,"725"
"ANCASH","SANTA",25,468829,5.33243464034861e-05,-9.8372439907415,70,1,"726",-9.8372439907415,1,"726"
"ANCASH","SANTA",13,468829,2.77286601298128e-05,-10.4894441284,71,1,"727",-10.4894441284,1,"727"
"ANCASH","SANTA",9,468829,1.9196764705255e-05,-10.8555731079573,72,1,"728",-10.8555731079573,1,"728"
"ANCASH","SANTA",11,468829,2.34627124175339e-05,-10.6558450777289,73,1,"729",-10.6558450777289,1,"729"
"ANCASH","SANTA",4,468829,8.53189542455778e-06,-11.6600464449384,74,1,"730",-11.6600464449384,1,"730"
"ANCASH","SANTA",9,468829,1.9196764705255e-05,-10.8555731079573,75,1,"731",-10.8555731079573,1,"731"
"ANCASH","SANTA",3,468829,6.39892156841834e-06,-11.9438743073787,76,1,"732",-11.9438743073787,1,"732"
"ANCASH","SANTA",6,468829,1.27978431368367e-05,-11.2584504592707,77,1,"733",-11.2584504592707,1,"733"
"ANCASH","SANTA",1,468829,2.13297385613945e-06,-13.0121762931285,78,1,"734",-13.0121762931285,1,"734"
"ANCASH","SANTA",2,468829,4.26594771227889e-06,-12.3416752760239,79,1,"735",-12.3416752760239,1,"735"
"ANCASH","SANTA",9,468829,1.9196764705255e-05,-10.8555731079573,80,1,"736",-10.8555731079573,1,"736"
"ANCASH","SANTA",7,468829,1.49308169929761e-05,-11.1054079981933,81,1,"737",-11.1054079981933,1,"737"
"ANCASH","SANTA",3,468829,6.39892156841834e-06,-11.9438743073787,82,1,"738",-11.9438743073787,1,"738"
"ANCASH","SANTA",2,468829,4.26594771227889e-06,-12.3416752760239,83,1,"739",-12.3416752760239,1,"739"
"ANCASH","SANTA",4,468829,8.53189542455778e-06,-11.6600464449384,84,1,"740",-11.6600464449384,1,"740"
"ANCASH","SANTA",2,468829,4.26594771227889e-06,-12.3416752760239,85,1,"741",-12.3416752760239,1,"741"
"ANCASH","SANTA",3,468829,6.39892156841834e-06,-11.9438743073787,86,1,"742",-11.9438743073787,1,"742"
"ANCASH","SIHUAS",0,29510,0,-16.1180956509583,12,1,"743",-16.1180956509583,1,"743"
"ANCASH","SIHUAS",0,29510,0,-16.1180956509583,13,1,"744",-16.1180956509583,1,"744"
"ANCASH","SIHUAS",0,29510,0,-16.1180956509583,14,1,"745",-16.1180956509583,1,"745"
"ANCASH","SIHUAS",1,29510,3.38868180277872e-05,-10.2895378135902,15,1,"746",-10.2895378135902,1,"746"
"ANCASH","SIHUAS",1,29510,3.38868180277872e-05,-10.2895378135902,23,1,"747",-10.2895378135902,1,"747"
"ANCASH","SIHUAS",1,29510,3.38868180277872e-05,-10.2895378135902,25,1,"748",-10.2895378135902,1,"748"
"ANCASH","SIHUAS",2,29510,6.77736360555744e-05,-9.59786287485758,27,1,"749",-9.59786287485758,1,"749"
"ANCASH","SIHUAS",2,29510,6.77736360555744e-05,-9.59786287485758,30,1,"750",-9.59786287485758,1,"750"
"ANCASH","SIHUAS",1,29510,3.38868180277872e-05,-10.2895378135902,32,1,"751",-10.2895378135902,1,"751"
"ANCASH","SIHUAS",1,29510,3.38868180277872e-05,-10.2895378135902,35,1,"752",-10.2895378135902,1,"752"
"ANCASH","SIHUAS",1,29510,3.38868180277872e-05,-10.2895378135902,36,1,"753",-10.2895378135902,1,"753"
"ANCASH","SIHUAS",1,29510,3.38868180277872e-05,-10.2895378135902,37,1,"754",-10.2895378135902,1,"754"
"ANCASH","SIHUAS",1,29510,3.38868180277872e-05,-10.2895378135902,38,1,"755",-10.2895378135902,1,"755"
"ANCASH","SIHUAS",1,29510,3.38868180277872e-05,-10.2895378135902,48,1,"756",-10.2895378135902,1,"756"
"ANCASH","SIHUAS",2,29510,6.77736360555744e-05,-9.59786287485758,49,1,"757",-9.59786287485758,1,"757"
"ANCASH","SIHUAS",1,29510,3.38868180277872e-05,-10.2895378135902,50,1,"758",-10.2895378135902,1,"758"
"ANCASH","SIHUAS",1,29510,3.38868180277872e-05,-10.2895378135902,51,1,"759",-10.2895378135902,1,"759"
"ANCASH","SIHUAS",1,29510,3.38868180277872e-05,-10.2895378135902,55,1,"760",-10.2895378135902,1,"760"
"ANCASH","SIHUAS",3,29510,0.000101660454083362,-9.19288899608523,56,1,"761",-9.19288899608523,1,"761"
"ANCASH","SIHUAS",1,29510,3.38868180277872e-05,-10.2895378135902,57,1,"762",-10.2895378135902,1,"762"
"ANCASH","SIHUAS",5,29510,0.000169434090138936,-8.6824565296024,58,1,"763",-8.6824565296024,1,"763"
"ANCASH","SIHUAS",2,29510,6.77736360555744e-05,-9.59786287485758,59,1,"764",-9.59786287485758,1,"764"
"ANCASH","SIHUAS",4,29510,0.000135547272111149,-8.90545262882085,60,1,"765",-8.90545262882085,1,"765"
"ANCASH","SIHUAS",3,29510,0.000101660454083362,-9.19288899608523,61,1,"766",-9.19288899608523,1,"766"
"ANCASH","SIHUAS",6,29510,0.000203320908166723,-8.50023328628597,62,1,"767",-8.50023328628597,1,"767"
"ANCASH","SIHUAS",3,29510,0.000101660454083362,-9.19288899608523,63,1,"768",-9.19288899608523,1,"768"
"ANCASH","SIHUAS",2,29510,6.77736360555744e-05,-9.59786287485758,65,1,"769",-9.59786287485758,1,"769"
"ANCASH","SIHUAS",1,29510,3.38868180277872e-05,-10.2895378135902,66,1,"770",-10.2895378135902,1,"770"
"ANCASH","SIHUAS",3,29510,0.000101660454083362,-9.19288899608523,68,1,"771",-9.19288899608523,1,"771"
"ANCASH","SIHUAS",2,29510,6.77736360555744e-05,-9.59786287485758,70,1,"772",-9.59786287485758,1,"772"
"ANCASH","SIHUAS",3,29510,0.000101660454083362,-9.19288899608523,71,1,"773",-9.19288899608523,1,"773"
"ANCASH","SIHUAS",3,29510,0.000101660454083362,-9.19288899608523,72,1,"774",-9.19288899608523,1,"774"
"ANCASH","SIHUAS",1,29510,3.38868180277872e-05,-10.2895378135902,73,1,"775",-10.2895378135902,1,"775"
"ANCASH","SIHUAS",1,29510,3.38868180277872e-05,-10.2895378135902,75,1,"776",-10.2895378135902,1,"776"
"ANCASH","YUNGAY",0,56783,0,-16.1180956509583,9,1,"777",-16.1180956509583,1,"777"
"ANCASH","YUNGAY",0,56783,0,-16.1180956509583,10,1,"778",-16.1180956509583,1,"778"
"ANCASH","YUNGAY",0,56783,0,-16.1180956509583,11,1,"779",-16.1180956509583,1,"779"
"ANCASH","YUNGAY",1,56783,1.7610904672173e-05,-10.9413300249122,12,1,"780",-10.9413300249122,1,"780"
"ANCASH","YUNGAY",1,56783,1.7610904672173e-05,-10.9413300249122,13,1,"781",-10.9413300249122,1,"781"
"ANCASH","YUNGAY",2,56783,3.5221809344346e-05,-10.2510099563507,14,1,"782",-10.2510099563507,1,"782"
"ANCASH","YUNGAY",2,56783,3.5221809344346e-05,-10.2510099563507,16,1,"783",-10.2510099563507,1,"783"
"ANCASH","YUNGAY",1,56783,1.7610904672173e-05,-10.9413300249122,19,1,"784",-10.9413300249122,1,"784"
"ANCASH","YUNGAY",1,56783,1.7610904672173e-05,-10.9413300249122,20,1,"785",-10.9413300249122,1,"785"
"ANCASH","YUNGAY",3,56783,5.2832714016519e-05,-9.84648899782761,21,1,"786",-9.84648899782761,1,"786"
"ANCASH","YUNGAY",3,56783,5.2832714016519e-05,-9.84648899782761,23,1,"787",-9.84648899782761,1,"787"
"ANCASH","YUNGAY",4,56783,7.0443618688692e-05,-9.55927933466082,24,1,"788",-9.55927933466082,1,"788"
"ANCASH","YUNGAY",3,56783,5.2832714016519e-05,-9.84648899782761,26,1,"789",-9.84648899782761,1,"789"
"ANCASH","YUNGAY",3,56783,5.2832714016519e-05,-9.84648899782761,27,1,"790",-9.84648899782761,1,"790"
"ANCASH","YUNGAY",3,56783,5.2832714016519e-05,-9.84648899782761,28,1,"791",-9.84648899782761,1,"791"
"ANCASH","YUNGAY",4,56783,7.0443618688692e-05,-9.55927933466082,29,1,"792",-9.55927933466082,1,"792"
"ANCASH","YUNGAY",2,56783,3.5221809344346e-05,-10.2510099563507,30,1,"793",-10.2510099563507,1,"793"
"ANCASH","YUNGAY",2,56783,3.5221809344346e-05,-10.2510099563507,31,1,"794",-10.2510099563507,1,"794"
"ANCASH","YUNGAY",1,56783,1.7610904672173e-05,-10.9413300249122,39,1,"795",-10.9413300249122,1,"795"
"ANCASH","YUNGAY",1,56783,1.7610904672173e-05,-10.9413300249122,40,1,"796",-10.9413300249122,1,"796"
"ANCASH","YUNGAY",2,56783,3.5221809344346e-05,-10.2510099563507,44,1,"797",-10.2510099563507,1,"797"
"ANCASH","YUNGAY",1,56783,1.7610904672173e-05,-10.9413300249122,46,1,"798",-10.9413300249122,1,"798"
"ANCASH","YUNGAY",2,56783,3.5221809344346e-05,-10.2510099563507,47,1,"799",-10.2510099563507,1,"799"
"ANCASH","YUNGAY",1,56783,1.7610904672173e-05,-10.9413300249122,48,1,"800",-10.9413300249122,1,"800"
"ANCASH","YUNGAY",1,56783,1.7610904672173e-05,-10.9413300249122,50,1,"801",-10.9413300249122,1,"801"
"ANCASH","YUNGAY",2,56783,3.5221809344346e-05,-10.2510099563507,52,1,"802",-10.2510099563507,1,"802"
"ANCASH","YUNGAY",6,56783,0.000105665428033038,-9.15428685911365,53,1,"803",-9.15428685911365,1,"803"
"ANCASH","YUNGAY",5,56783,8.8054523360865e-05,-9.33641933607658,54,1,"804",-9.33641933607658,1,"804"
"ANCASH","YUNGAY",1,56783,1.7610904672173e-05,-10.9413300249122,55,1,"805",-10.9413300249122,1,"805"
"ANCASH","YUNGAY",1,56783,1.7610904672173e-05,-10.9413300249122,56,1,"806",-10.9413300249122,1,"806"
"ANCASH","YUNGAY",2,56783,3.5221809344346e-05,-10.2510099563507,57,1,"807",-10.2510099563507,1,"807"
"ANCASH","YUNGAY",3,56783,5.2832714016519e-05,-9.84648899782761,60,1,"808",-9.84648899782761,1,"808"
"ANCASH","YUNGAY",2,56783,3.5221809344346e-05,-10.2510099563507,61,1,"809",-10.2510099563507,1,"809"
"ANCASH","YUNGAY",8,56783,0.000140887237377384,-8.86684118673685,62,1,"810",-8.86684118673685,1,"810"
"ANCASH","YUNGAY",9,56783,0.000158498142049557,-8.74913696352598,63,1,"811",-8.74913696352598,1,"811"
"ANCASH","YUNGAY",5,56783,8.8054523360865e-05,-9.33641933607658,64,1,"812",-9.33641933607658,1,"812"
"ANCASH","YUNGAY",6,56783,0.000105665428033038,-9.15428685911365,65,1,"813",-9.15428685911365,1,"813"
"ANCASH","YUNGAY",4,56783,7.0443618688692e-05,-9.55927933466082,66,1,"814",-9.55927933466082,1,"814"
"ANCASH","YUNGAY",4,56783,7.0443618688692e-05,-9.55927933466082,67,1,"815",-9.55927933466082,1,"815"
"ANCASH","YUNGAY",5,56783,8.8054523360865e-05,-9.33641933607658,68,1,"816",-9.33641933607658,1,"816"
"ANCASH","YUNGAY",1,56783,1.7610904672173e-05,-10.9413300249122,69,1,"817",-10.9413300249122,1,"817"
"ANCASH","YUNGAY",1,56783,1.7610904672173e-05,-10.9413300249122,71,1,"818",-10.9413300249122,1,"818"
"ANCASH","YUNGAY",2,56783,3.5221809344346e-05,-10.2510099563507,73,1,"819",-10.2510099563507,1,"819"
"ANCASH","YUNGAY",1,56783,1.7610904672173e-05,-10.9413300249122,74,1,"820",-10.9413300249122,1,"820"
"ANCASH","YUNGAY",1,56783,1.7610904672173e-05,-10.9413300249122,75,1,"821",-10.9413300249122,1,"821"
"ANCASH","YUNGAY",1,56783,1.7610904672173e-05,-10.9413300249122,78,1,"822",-10.9413300249122,1,"822"
"ANCASH","YUNGAY",1,56783,1.7610904672173e-05,-10.9413300249122,79,1,"823",-10.9413300249122,1,"823"
"ANCASH","YUNGAY",1,56783,1.7610904672173e-05,-10.9413300249122,80,1,"824",-10.9413300249122,1,"824"
"ANCASH","YUNGAY",1,56783,1.7610904672173e-05,-10.9413300249122,83,1,"825",-10.9413300249122,1,"825"
"ANCASH","YUNGAY",1,56783,1.7610904672173e-05,-10.9413300249122,85,1,"826",-10.9413300249122,1,"826"
"ANCASH","YUNGAY",1,56783,1.7610904672173e-05,-10.9413300249122,86,1,"827",-10.9413300249122,1,"827"
